ts_ms,valid_L,interp_L,side_L,pLx,pLy,pLz,qLx,qLy,qLz,qLw,valid_R,interp_R,side_R,pRx,pRy,pRz,qRx,qRy,qRz,qRw
1779333500997.499,1,1,-1,-0.016988,0.239478,0.333491,0.745257,0.214056,0.615690,0.140350,0,0,-1,0.000000,0.000000,0.000000,0.000000,0.000000,0.000000,0.000000
1779333501030.832,1,1,-1,-0.016930,0.239759,0.335127,0.787021,0.270052,0.497559,0.245163,0,0,-1,0.000000,0.000000,0.000000,0.000000,0.000000,0.000000,0.000000
1779333501064.166,0,0,-1,0.000000,0.000000,0.000000,0.000000,0.000000,0.000000,0.000000,0,0,-1,0.000000,0.000000,0.000000,0.000000,0.000000,0.000000,0.000000
1779333501097.499,0,0,-1,0.000000,0.000000,0.000000,0.000000,0.000000,0.000000,0.000000,0,0,-1,0.000000,0.000000,0.000000,0.000000,0.000000,0.000000,0.000000
1779333501130.832,0,0,-1,0.000000,0.000000,0.000000,0.000000,0.000000,0.000000,0.000000,0,0,-1,0.000000,0.000000,0.000000,0.000000,0.000000,0.000000,0.000000
1779333501164.166,1,1,-1,-0.016695,0.240883,0.341667,0.717503,0.400658,-0.082201,0.563831,0,0,-1,0.000000,0.000000,0.000000,0.000000,0.000000,0.000000,0.000000
1779333501197.499,1,1,0,-0.016636,0.241163,0.343302,0.643579,0.405081,-0.232271,0.606437,0,0,-1,0.000000,0.000000,0.000000,0.000000,0.000000,0.000000,0.000000
1779333501230.832,1,0,0,-0.015396,0.241521,0.343478,0.590108,0.419232,-0.226032,0.651864,0,0,-1,0.000000,0.000000,0.000000,0.000000,0.000000,0.000000,0.000000
1779333501264.166,1,0,0,-0.014302,0.240427,0.345387,0.521309,0.441281,-0.212297,0.698883,0,0,-1,0.000000,0.000000,0.000000,0.000000,0.000000,0.000000,0.000000
1779333501297.499,1,1,-1,-0.009952,0.238818,0.344517,0.692023,0.416475,0.325699,0.491500,0,0,-1,0.000000,0.000000,0.000000,0.000000,0.000000,0.000000,0.000000
1779333501330.832,1,1,1,-0.004817,0.237169,0.342885,0.568963,0.175241,0.803415,-0.009757,0,0,-1,0.000000,0.000000,0.000000,0.000000,0.000000,0.000000,0.000000
1779333501364.166,1,0,0,-0.009779,0.236418,0.349173,0.643526,0.447089,0.052050,0.619093,0,0,-1,0.000000,0.000000,0.000000,0.000000,0.000000,0.000000,0.000000
1779333501397.499,1,1,-1,-0.010868,0.235687,0.352218,0.544236,0.439156,-0.195211,0.687635,0,0,-1,0.000000,0.000000,0.000000,0.000000,0.000000,0.000000,0.000000
1779333501430.832,1,1,-1,-0.010505,0.234910,0.354076,0.556188,0.435416,-0.192369,0.681221,0,0,-1,0.000000,0.000000,0.000000,0.000000,0.000000,0.000000,0.000000
1779333501464.166,1,1,-1,-0.010142,0.234134,0.355934,0.568025,0.431586,-0.189488,0.674667,0,0,-1,0.000000,0.000000,0.000000,0.000000,0.000000,0.000000,0.000000
1779333501497.499,1,1,0,-0.009779,0.233358,0.357791,0.579745,0.427668,-0.186568,0.667974,0,0,-1,0.000000,0.000000,0.000000,0.000000,0.000000,0.000000,0.000000
1779333501530.832,1,0,0,-0.010099,0.234733,0.359840,0.590152,0.421180,-0.217055,0.653617,0,0,-1,0.000000,0.000000,0.000000,0.000000,0.000000,0.000000,0.000000
1779333501564.166,1,0,0,-0.009453,0.235525,0.360432,0.503823,0.459194,-0.239150,0.691456,0,0,-1,0.000000,0.000000,0.000000,0.000000,0.000000,0.000000,0.000000
1779333501597.499,1,0,0,-0.008427,0.233346,0.363632,0.548087,0.457689,-0.247925,0.654717,0,0,-1,0.000000,0.000000,0.000000,0.000000,0.000000,0.000000,0.000000
1779333501630.832,1,0,0,-0.006725,0.232120,0.365077,0.598045,0.419882,-0.243622,0.637722,0,0,-1,0.000000,0.000000,0.000000,0.000000,0.000000,0.000000,0.000000
1779333501664.166,1,0,0,-0.006713,0.231709,0.367355,0.620842,0.416918,-0.244062,0.617388,0,0,-1,0.000000,0.000000,0.000000,0.000000,0.000000,0.000000,0.000000
1779333501697.499,1,0,0,-0.006943,0.233086,0.366316,0.485018,0.492320,-0.302309,0.656497,0,0,-1,0.000000,0.000000,0.000000,0.000000,0.000000,0.000000,0.000000
1779333501730.832,1,0,0,-0.009132,0.231934,0.368257,0.609580,0.414283,-0.189004,0.648891,0,0,-1,0.000000,0.000000,0.000000,0.000000,0.000000,0.000000,0.000000
1779333501764.166,1,0,0,-0.007523,0.230035,0.368495,0.712147,0.344633,-0.182852,0.583643,0,0,-1,0.000000,0.000000,0.000000,0.000000,0.000000,0.000000,0.000000
1779333501797.499,1,0,0,-0.007914,0.230562,0.368311,0.762833,0.298001,-0.171016,0.547754,0,0,-1,0.000000,0.000000,0.000000,0.000000,0.000000,0.000000,0.000000
1779333501830.832,1,0,0,-0.008141,0.230421,0.370363,0.698884,0.343145,-0.166607,0.605025,0,0,-1,0.000000,0.000000,0.000000,0.000000,0.000000,0.000000,0.000000
1779333501864.166,1,0,0,-0.005797,0.231172,0.370645,0.744858,0.278889,-0.149106,0.587515,0,0,-1,0.000000,0.000000,0.000000,0.000000,0.000000,0.000000,0.000000
1779333501897.499,1,0,0,-0.005390,0.232625,0.372295,0.715107,0.303129,-0.159660,0.609298,0,0,-1,0.000000,0.000000,0.000000,0.000000,0.000000,0.000000,0.000000
1779333501930.832,1,0,0,-0.007602,0.234026,0.374957,0.642374,0.333813,-0.166733,0.669421,0,0,-1,0.000000,0.000000,0.000000,0.000000,0.000000,0.000000,0.000000
1779333501964.166,1,0,0,-0.006105,0.233647,0.375687,0.701118,0.284905,-0.128024,0.640993,0,0,-1,0.000000,0.000000,0.000000,0.000000,0.000000,0.000000,0.000000
1779333501997.499,1,0,0,-0.005775,0.232798,0.376335,0.681482,0.312346,-0.160484,0.642081,0,0,-1,0.000000,0.000000,0.000000,0.000000,0.000000,0.000000,0.000000
1779333502030.832,1,0,0,-0.006154,0.232062,0.377544,0.624500,0.373570,-0.194385,0.657768,0,0,-1,0.000000,0.000000,0.000000,0.000000,0.000000,0.000000,0.000000
1779333502064.166,1,0,0,-0.007436,0.233018,0.377799,0.534071,0.463773,-0.279384,0.649328,0,0,-1,0.000000,0.000000,0.000000,0.000000,0.000000,0.000000,0.000000
1779333502097.499,1,0,0,-0.006863,0.231168,0.379465,0.566478,0.440777,-0.251390,0.649324,0,0,-1,0.000000,0.000000,0.000000,0.000000,0.000000,0.000000,0.000000
1779333502130.832,1,0,0,-0.003535,0.231310,0.379729,0.540252,0.467132,-0.222665,0.663578,0,0,-1,0.000000,0.000000,0.000000,0.000000,0.000000,0.000000,0.000000
1779333502164.166,1,0,0,-0.002705,0.231662,0.383699,0.526253,0.492042,-0.230424,0.654108,0,0,-1,0.000000,0.000000,0.000000,0.000000,0.000000,0.000000,0.000000
1779333502197.499,1,0,0,-0.002219,0.231757,0.385391,0.480505,0.548068,-0.289655,0.620352,0,0,-1,0.000000,0.000000,0.000000,0.000000,0.000000,0.000000,0.000000
1779333502230.832,1,0,0,-0.000650,0.232102,0.388184,0.479095,0.546850,-0.282596,0.625750,0,0,-1,0.000000,0.000000,0.000000,0.000000,0.000000,0.000000,0.000000
1779333502264.166,1,0,0,-0.000343,0.231017,0.389077,0.509902,0.539656,-0.273238,0.611647,0,0,-1,0.000000,0.000000,0.000000,0.000000,0.000000,0.000000,0.000000
1779333502297.499,1,0,0,-0.001347,0.229817,0.391448,0.520121,0.565027,-0.305168,0.563108,0,0,-1,0.000000,0.000000,0.000000,0.000000,0.000000,0.000000,0.000000
1779333502330.832,1,0,0,-0.000738,0.228849,0.391628,0.562140,0.543231,-0.297153,0.548268,0,0,-1,0.000000,0.000000,0.000000,0.000000,0.000000,0.000000,0.000000
1779333502364.166,1,0,0,-0.000989,0.228072,0.390941,0.569259,0.536638,-0.309309,0.540640,0,0,-1,0.000000,0.000000,0.000000,0.000000,0.000000,0.000000,0.000000
1779333502397.499,1,0,0,-0.000858,0.226230,0.391049,0.495541,0.569157,-0.341825,0.560049,0,0,-1,0.000000,0.000000,0.000000,0.000000,0.000000,0.000000,0.000000
1779333502430.832,1,1,0,-0.003834,0.226826,0.391763,0.490724,0.563493,-0.347201,0.566671,0,0,-1,0.000000,0.000000,0.000000,0.000000,0.000000,0.000000,0.000000
1779333502464.166,1,1,-1,-0.000627,0.224306,0.390363,0.555126,0.518997,-0.302488,0.575308,0,0,-1,0.000000,0.000000,0.000000,0.000000,0.000000,0.000000,0.000000
1779333502497.499,1,1,0,0.002165,0.221738,0.389083,0.618875,0.472754,-0.255834,0.572753,0,0,-1,0.000000,0.000000,0.000000,0.000000,0.000000,0.000000,0.000000
1779333502530.832,1,1,-1,0.002242,0.218863,0.388583,0.701343,0.437816,-0.209983,0.521863,0,0,-1,0.000000,0.000000,0.000000,0.000000,0.000000,0.000000,0.000000
1779333502564.166,1,0,0,0.001759,0.216197,0.388425,0.773975,0.395733,-0.168718,0.464642,0,0,-1,0.000000,0.000000,0.000000,0.000000,0.000000,0.000000,0.000000
1779333502597.499,1,0,0,-0.001988,0.214489,0.390332,0.825738,0.343095,-0.174511,0.412297,0,0,-1,0.000000,0.000000,0.000000,0.000000,0.000000,0.000000,0.000000
1779333502630.832,1,0,0,-0.000397,0.209638,0.389554,0.858342,0.382986,-0.008890,0.341309,0,0,-1,0.000000,0.000000,0.000000,0.000000,0.000000,0.000000,0.000000
1779333502664.166,1,0,1,0.008955,0.206258,0.384626,0.365910,0.385519,0.808292,-0.253275,0,0,-1,0.000000,0.000000,0.000000,0.000000,0.000000,0.000000,0.000000
1779333502697.499,1,0,0,0.001189,0.204124,0.389554,0.842587,0.315531,-0.107660,0.422962,0,0,-1,0.000000,0.000000,0.000000,0.000000,0.000000,0.000000,0.000000
1779333502730.832,1,0,0,-0.000647,0.200023,0.391214,0.839650,0.309708,-0.104254,0.433819,0,0,-1,0.000000,0.000000,0.000000,0.000000,0.000000,0.000000,0.000000
1779333502764.166,1,0,0,0.000155,0.198669,0.391896,0.845982,0.299037,-0.092461,0.431674,0,0,-1,0.000000,0.000000,0.000000,0.000000,0.000000,0.000000,0.000000
1779333502797.499,1,0,0,-0.001319,0.197581,0.394837,0.852283,0.284803,-0.108802,0.425044,0,0,-1,0.000000,0.000000,0.000000,0.000000,0.000000,0.000000,0.000000
1779333502830.832,1,0,0,0.003217,0.194654,0.394825,0.848868,0.293946,-0.077494,0.432450,0,0,-1,0.000000,0.000000,0.000000,0.000000,0.000000,0.000000,0.000000
1779333502864.166,1,0,0,0.000556,0.194075,0.396601,0.867216,0.282193,-0.073765,0.403562,0,0,-1,0.000000,0.000000,0.000000,0.000000,0.000000,0.000000,0.000000
1779333502897.499,1,0,0,-0.000047,0.194395,0.397073,0.879252,0.272352,-0.077006,0.383158,0,0,-1,0.000000,0.000000,0.000000,0.000000,0.000000,0.000000,0.000000
1779333502930.832,1,0,0,0.000918,0.193994,0.398135,0.877886,0.271517,-0.083715,0.385468,0,0,-1,0.000000,0.000000,0.000000,0.000000,0.000000,0.000000,0.000000
1779333502964.166,1,0,0,0.000133,0.194211,0.398909,0.875972,0.264666,-0.091660,0.392712,0,0,-1,0.000000,0.000000,0.000000,0.000000,0.000000,0.000000,0.000000
1779333502997.499,1,0,0,0.000451,0.194508,0.399861,0.895753,0.251228,-0.110604,0.349682,0,0,-1,0.000000,0.000000,0.000000,0.000000,0.000000,0.000000,0.000000
1779333503030.832,1,0,0,0.000161,0.194253,0.400651,0.906681,0.242430,-0.107465,0.328036,0,0,-1,0.000000,0.000000,0.000000,0.000000,0.000000,0.000000,0.000000
1779333503064.166,1,0,0,0.000957,0.194761,0.401084,0.925857,0.207436,-0.131524,0.287158,0,0,-1,0.000000,0.000000,0.000000,0.000000,0.000000,0.000000,0.000000
1779333503097.499,1,0,0,0.001114,0.193742,0.403664,0.942603,0.173672,-0.158359,0.237194,0,0,-1,0.000000,0.000000,0.000000,0.000000,0.000000,0.000000,0.000000
1779333503130.832,1,0,0,0.000631,0.192561,0.405478,0.957495,0.164306,-0.152414,0.181597,0,0,-1,0.000000,0.000000,0.000000,0.000000,0.000000,0.000000,0.000000
1779333503164.166,1,0,0,-0.000277,0.191999,0.407254,0.969868,0.118689,-0.168038,0.130506,0,0,-1,0.000000,0.000000,0.000000,0.000000,0.000000,0.000000,0.000000
1779333503197.499,1,0,0,0.000762,0.190640,0.409298,0.970621,0.138384,-0.140586,0.137771,0,0,-1,0.000000,0.000000,0.000000,0.000000,0.000000,0.000000,0.000000
1779333503230.832,1,0,0,0.000130,0.190445,0.410166,0.976237,0.111899,-0.153937,0.103653,0,0,-1,0.000000,0.000000,0.000000,0.000000,0.000000,0.000000,0.000000
1779333503264.166,1,0,0,-0.000247,0.188805,0.412382,0.981439,0.099043,-0.152149,0.061797,0,0,-1,0.000000,0.000000,0.000000,0.000000,0.000000,0.000000,0.000000
1779333503297.499,1,0,0,0.000112,0.187272,0.413718,0.982699,0.105875,-0.142044,0.054014,0,0,-1,0.000000,0.000000,0.000000,0.000000,0.000000,0.000000,0.000000
1779333503330.832,1,0,0,0.001591,0.183953,0.415680,0.985433,0.105429,-0.128082,0.037431,0,0,-1,0.000000,0.000000,0.000000,0.000000,0.000000,0.000000,0.000000
1779333503364.166,1,0,0,0.000529,0.182785,0.416023,0.987538,0.081963,-0.133827,0.011882,0,0,-1,0.000000,0.000000,0.000000,0.000000,0.000000,0.000000,0.000000
1779333503397.499,1,0,0,-0.000725,0.180354,0.416837,0.988603,0.073169,-0.131127,0.010778,0,0,-1,0.000000,0.000000,0.000000,0.000000,0.000000,0.000000,0.000000
1779333503430.832,1,0,0,0.001026,0.177687,0.418004,0.989980,0.089145,-0.108705,0.013261,0,0,-1,0.000000,0.000000,0.000000,0.000000,0.000000,0.000000,0.000000
1779333503464.166,1,0,0,0.002267,0.176286,0.418029,0.992827,0.074618,-0.092175,-0.015182,0,0,-1,0.000000,0.000000,0.000000,0.000000,0.000000,0.000000,0.000000
1779333503497.499,1,0,0,0.001000,0.173611,0.420484,0.992602,0.061382,-0.098829,-0.034741,0,0,-1,0.000000,0.000000,0.000000,0.000000,0.000000,0.000000,0.000000
1779333503530.832,1,0,0,0.000024,0.171867,0.421887,0.993003,0.068808,-0.094768,-0.015157,0,0,-1,0.000000,0.000000,0.000000,0.000000,0.000000,0.000000,0.000000
1779333503564.166,1,0,0,0.000087,0.169632,0.424311,0.993114,0.079330,-0.085964,0.006455,0,0,-1,0.000000,0.000000,0.000000,0.000000,0.000000,0.000000,0.000000
1779333503597.499,1,0,0,0.000579,0.168528,0.424720,0.993897,0.071079,-0.084092,0.006727,0,0,-1,0.000000,0.000000,0.000000,0.000000,0.000000,0.000000,0.000000
1779333503630.832,1,0,0,-0.001328,0.168101,0.425656,0.993850,0.053454,-0.094449,0.022025,0,0,-1,0.000000,0.000000,0.000000,0.000000,0.000000,0.000000,0.000000
1779333503664.166,1,0,0,-0.001265,0.167822,0.426248,0.994061,0.039367,-0.098258,0.025256,0,0,-1,0.000000,0.000000,0.000000,0.000000,0.000000,0.000000,0.000000
1779333503697.499,1,0,0,0.000186,0.166324,0.427894,0.992567,0.061247,-0.087291,0.058654,0,0,-1,0.000000,0.000000,0.000000,0.000000,0.000000,0.000000,0.000000
1779333503730.832,1,0,0,-0.000930,0.166426,0.428928,0.990691,0.048248,-0.100375,0.078280,0,0,-1,0.000000,0.000000,0.000000,0.000000,0.000000,0.000000,0.000000
1779333503764.166,1,0,0,-0.000288,0.165175,0.429661,0.992300,0.033835,-0.100815,0.063493,0,0,-1,0.000000,0.000000,0.000000,0.000000,0.000000,0.000000,0.000000
1779333503797.499,1,0,0,-0.001381,0.166019,0.429846,0.991528,0.043050,-0.101155,0.069182,0,0,-1,0.000000,0.000000,0.000000,0.000000,0.000000,0.000000,0.000000
1779333503830.832,1,0,0,-0.000296,0.165350,0.429912,0.989757,0.054687,-0.104513,0.080421,0,0,-1,0.000000,0.000000,0.000000,0.000000,0.000000,0.000000,0.000000
1779333503864.166,1,0,0,0.001622,0.164751,0.429528,0.993534,0.047809,-0.097275,0.033800,0,0,-1,0.000000,0.000000,0.000000,0.000000,0.000000,0.000000,0.000000
1779333503897.499,1,0,0,0.000882,0.164811,0.428862,0.991419,0.065378,-0.090618,0.067847,0,0,-1,0.000000,0.000000,0.000000,0.000000,0.000000,0.000000,0.000000
1779333503930.832,1,0,0,0.000429,0.164894,0.429237,0.988719,0.075401,-0.095901,0.086900,0,0,-1,0.000000,0.000000,0.000000,0.000000,0.000000,0.000000,0.000000
1779333503964.166,1,0,0,-0.000250,0.164077,0.429805,0.991914,0.060728,-0.089377,0.066561,0,0,-1,0.000000,0.000000,0.000000,0.000000,0.000000,0.000000,0.000000
1779333503997.499,1,0,0,-0.002601,0.162870,0.430976,0.991729,0.037382,-0.102031,0.068308,0,0,-1,0.000000,0.000000,0.000000,0.000000,0.000000,0.000000,0.000000
1779333504030.832,1,0,0,-0.001433,0.162477,0.431344,0.991984,0.044596,-0.103809,0.056587,0,0,-1,0.000000,0.000000,0.000000,0.000000,0.000000,0.000000,0.000000
1779333504064.166,1,0,0,-0.001283,0.162392,0.432017,0.990886,0.049088,-0.104088,0.070001,0,0,-1,0.000000,0.000000,0.000000,0.000000,0.000000,0.000000,0.000000
1779333504097.499,1,0,0,-0.004872,0.161107,0.433460,0.991418,0.027191,-0.113416,0.059062,0,0,-1,0.000000,0.000000,0.000000,0.000000,0.000000,0.000000,0.000000
1779333504130.832,1,0,0,-0.002923,0.159771,0.434221,0.859912,0.497188,-0.114600,-0.014940,0,0,-1,0.000000,0.000000,0.000000,0.000000,0.000000,0.000000,0.000000
1779333504164.166,1,0,1,0.000277,0.156952,0.435094,0.067566,0.989237,-0.035878,-0.124733,0,0,0,-0.065863,-0.115137,0.175942,0.826895,-0.350928,-0.135761,-0.417926
1779333504197.499,1,0,1,-0.001718,0.154227,0.436496,0.587063,0.800156,-0.097694,-0.074585,0,0,-1,0.000000,0.000000,0.000000,0.000000,0.000000,0.000000,0.000000
1779333504230.832,1,1,0,-0.004009,0.154426,0.436022,0.992429,0.000133,-0.116891,0.037703,0,0,-1,0.000000,0.000000,0.000000,0.000000,0.000000,0.000000,0.000000
1779333504264.166,1,1,-1,-0.003301,0.152352,0.436682,0.992655,-0.007637,-0.115152,0.036286,0,0,-1,0.000000,0.000000,0.000000,0.000000,0.000000,0.000000,0.000000
1779333504297.499,1,0,0,-0.002691,0.150304,0.437026,0.992562,-0.032336,-0.116324,0.015589,0,0,-1,0.000000,0.000000,0.000000,0.000000,0.000000,0.000000,0.000000
1779333504330.832,1,0,0,-0.002840,0.147882,0.437260,0.992261,-0.043443,-0.116120,0.006836,0,0,-1,0.000000,0.000000,0.000000,0.000000,0.000000,0.000000,0.000000
1779333504364.166,1,0,0,-0.002703,0.145656,0.437539,0.992889,-0.027038,-0.111498,0.031765,0,0,-1,0.000000,0.000000,0.000000,0.000000,0.000000,0.000000,0.000000
1779333504397.499,1,0,0,-0.003530,0.144290,0.437567,0.992425,-0.044296,-0.110870,0.028944,0,0,-1,0.000000,0.000000,0.000000,0.000000,0.000000,0.000000,0.000000
1779333504430.832,1,0,0,-0.004900,0.142427,0.437948,0.992181,-0.040204,-0.113066,0.034314,0,0,-1,0.000000,0.000000,0.000000,0.000000,0.000000,0.000000,0.000000
1779333504464.166,1,0,0,-0.004943,0.140673,0.438338,0.991273,-0.038308,-0.119373,0.040739,0,0,-1,0.000000,0.000000,0.000000,0.000000,0.000000,0.000000,0.000000
1779333504497.499,1,0,0,-0.005874,0.139556,0.438515,0.990923,-0.043331,-0.125577,0.020584,0,0,-1,0.000000,0.000000,0.000000,0.000000,0.000000,0.000000,0.000000
1779333504530.832,1,0,0,-0.003490,0.139990,0.437232,0.992223,-0.019429,-0.121910,0.015912,0,0,-1,0.000000,0.000000,0.000000,0.000000,0.000000,0.000000,0.000000
1779333504564.166,1,0,0,-0.003105,0.139266,0.437104,0.991363,-0.048558,-0.121565,0.007947,0,0,-1,0.000000,0.000000,0.000000,0.000000,0.000000,0.000000,0.000000
1779333504597.499,1,0,0,-0.004505,0.136383,0.438824,0.990558,-0.045866,-0.128881,-0.008985,0,0,-1,0.000000,0.000000,0.000000,0.000000,0.000000,0.000000,0.000000
1779333504630.832,1,0,0,-0.004060,0.136093,0.438688,0.991799,-0.006642,-0.127385,-0.007993,0,0,-1,0.000000,0.000000,0.000000,0.000000,0.000000,0.000000,0.000000
1779333504664.166,1,0,0,-0.002978,0.135851,0.437843,0.992043,-0.005631,-0.125777,0.000193,0,0,-1,0.000000,0.000000,0.000000,0.000000,0.000000,0.000000,0.000000
1779333504697.499,1,0,0,-0.000657,0.133620,0.437941,0.992277,-0.005245,-0.122637,-0.017880,0,0,-1,0.000000,0.000000,0.000000,0.000000,0.000000,0.000000,0.000000
1779333504730.832,1,0,0,-0.002264,0.130506,0.439440,0.991507,-0.026535,-0.125405,-0.021990,0,0,-1,0.000000,0.000000,0.000000,0.000000,0.000000,0.000000,0.000000
1779333504764.166,1,0,0,-0.005403,0.129568,0.440072,0.990787,-0.041141,-0.128524,-0.011402,0,0,-1,0.000000,0.000000,0.000000,0.000000,0.000000,0.000000,0.000000
1779333504797.499,1,0,0,-0.005148,0.129392,0.440006,0.989465,-0.039957,-0.135799,-0.030335,0,0,-1,0.000000,0.000000,0.000000,0.000000,0.000000,0.000000,0.000000
1779333504830.832,1,0,1,-0.002122,0.125089,0.441684,0.721097,0.675613,-0.051742,-0.144530,0,0,-1,0.000000,0.000000,0.000000,0.000000,0.000000,0.000000,0.000000
1779333504864.166,1,0,0,-0.001608,0.123200,0.443259,0.761142,0.621484,-0.071836,-0.171054,0,0,-1,0.000000,0.000000,0.000000,0.000000,0.000000,0.000000,0.000000
1779333504897.499,1,1,-1,-0.001602,0.122588,0.443935,0.903215,0.359680,-0.163296,-0.167830,0,0,-1,0.000000,0.000000,0.000000,0.000000,0.000000,0.000000,0.000000
1779333504930.832,1,1,1,0.001303,0.118983,0.444960,0.394312,0.879751,-0.107448,-0.242923,0,0,-1,0.000000,0.000000,0.000000,0.000000,0.000000,0.000000,0.000000
1779333504964.166,1,0,1,0.002759,0.115937,0.445839,0.076263,0.971108,-0.017075,-0.225481,0,0,-1,0.000000,0.000000,0.000000,0.000000,0.000000,0.000000,0.000000
1779333504997.499,1,0,1,0.001137,0.112703,0.446179,0.030250,0.972674,0.023263,-0.229019,0,0,-1,0.000000,0.000000,0.000000,0.000000,0.000000,0.000000,0.000000
1779333505030.832,1,0,1,0.001001,0.109255,0.445973,-0.006559,0.972880,0.097356,-0.209720,0,0,-1,0.000000,0.000000,0.000000,0.000000,0.000000,0.000000,0.000000
1779333505064.166,1,1,-1,0.002137,0.107420,0.445370,-0.012945,0.972368,0.132653,-0.191665,0,0,-1,0.000000,0.000000,0.000000,0.000000,0.000000,0.000000,0.000000
1779333505097.499,1,1,-1,0.002592,0.106593,0.444599,-0.021823,0.974619,0.106458,-0.195723,0,0,-1,0.000000,0.000000,0.000000,0.000000,0.000000,0.000000,0.000000
1779333505130.832,1,1,-1,0.003047,0.105765,0.443828,-0.030683,0.976104,0.080178,-0.199627,0,0,-1,0.000000,0.000000,0.000000,0.000000,0.000000,0.000000,0.000000
1779333505164.166,1,1,-1,0.003502,0.104938,0.443057,-0.039520,0.976821,0.053836,-0.203375,0,0,0,-0.078719,-0.100657,0.164262,0.960741,-0.039242,-0.268881,-0.056028
1779333505197.499,1,1,-1,0.003957,0.104111,0.442286,-0.048325,0.976769,0.027451,-0.206962,0,0,-1,-0.078865,-0.099384,0.164084,0.960154,-0.027754,-0.275698,-0.036386
1779333505230.832,1,1,-1,0.004412,0.103283,0.441515,-0.057093,0.975949,0.001045,-0.210387,0,0,-1,-0.079011,-0.098110,0.163906,0.959025,-0.016250,-0.282360,-0.016724
1779333505264.166,1,1,-1,0.004867,0.102456,0.440744,-0.065815,0.974362,-0.025362,-0.213646,0,0,-1,-0.079157,-0.096837,0.163728,0.957355,-0.004737,-0.288862,0.002949
1779333505297.499,1,1,-1,0.005322,0.101628,0.439973,-0.074486,0.972008,-0.051749,-0.216737,0,0,-1,-0.079303,-0.095564,0.163551,0.955143,0.006778,-0.295201,0.022619
1779333505330.832,1,1,1,0.005777,0.100801,0.439202,-0.083098,0.968889,-0.078096,-0.219658,0,0,-1,-0.079449,-0.094291,0.163373,0.952393,0.018290,-0.301373,0.042277
1779333505364.166,1,0,1,0.005305,0.099904,0.437801,-0.085821,0.977353,-0.015186,-0.192835,0,0,-1,0.000000,0.000000,0.000000,0.000000,0.000000,0.000000,0.000000
1779333505397.499,1,0,1,0.002437,0.098986,0.436878,-0.035859,0.983767,0.082553,-0.155249,0,0,-1,0.000000,0.000000,0.000000,0.000000,0.000000,0.000000,0.000000
1779333505430.832,1,0,1,0.001140,0.096076,0.436003,0.002406,0.981194,0.112134,-0.157094,0,0,-1,0.000000,0.000000,0.000000,0.000000,0.000000,0.000000,0.000000
1779333505464.166,1,0,1,-0.001352,0.096917,0.434685,0.040222,0.978104,0.124818,-0.161602,0,0,-1,0.000000,0.000000,0.000000,0.000000,0.000000,0.000000,0.000000
1779333505497.499,1,0,1,-0.002454,0.097425,0.433436,0.025887,0.982344,0.108335,-0.150314,0,0,-1,0.000000,0.000000,0.000000,0.000000,0.000000,0.000000,0.000000
1779333505530.832,1,0,1,-0.006976,0.096451,0.434844,-0.013666,0.986824,0.023343,-0.159518,0,0,-1,0.000000,0.000000,0.000000,0.000000,0.000000,0.000000,0.000000
1779333505564.166,1,0,1,-0.004214,0.095037,0.434411,-0.000334,0.981297,0.111249,-0.157096,0,0,-1,0.000000,0.000000,0.000000,0.000000,0.000000,0.000000,0.000000
1779333505597.499,1,0,1,-0.007520,0.095482,0.434659,0.029629,0.978294,0.107458,-0.174688,0,0,-1,0.000000,0.000000,0.000000,0.000000,0.000000,0.000000,0.000000
1779333505630.832,1,0,1,-0.008025,0.096750,0.434614,0.008484,0.982707,0.087256,-0.163097,0,0,-1,0.000000,0.000000,0.000000,0.000000,0.000000,0.000000,0.000000
1779333505664.166,1,0,1,-0.009346,0.095686,0.435748,-0.051639,0.986902,-0.031597,-0.149534,0,0,-1,0.000000,0.000000,0.000000,0.000000,0.000000,0.000000,0.000000
1779333505697.499,1,0,1,-0.005475,0.097158,0.434067,-0.016625,0.987744,0.075213,-0.135751,0,0,-1,0.000000,0.000000,0.000000,0.000000,0.000000,0.000000,0.000000
1779333505730.832,1,0,1,-0.003472,0.100318,0.431965,0.034099,0.981834,0.137226,-0.126524,0,0,-1,0.000000,0.000000,0.000000,0.000000,0.000000,0.000000,0.000000
1779333505764.166,1,0,1,-0.002843,0.101450,0.431874,0.063161,0.978159,0.146592,-0.133144,0,0,-1,0.000000,0.000000,0.000000,0.000000,0.000000,0.000000,0.000000
1779333505797.499,1,0,0,-0.003226,0.104847,0.430304,0.886125,0.431342,-0.021385,-0.168134,0,0,-1,0.000000,0.000000,0.000000,0.000000,0.000000,0.000000,0.000000
1779333505830.832,1,0,1,-0.005080,0.105107,0.431201,0.500025,0.840743,0.111728,-0.175049,0,0,-1,0.000000,0.000000,0.000000,0.000000,0.000000,0.000000,0.000000
1779333505864.166,1,0,1,-0.004299,0.105199,0.431019,0.080080,0.979035,0.136443,-0.128299,0,0,-1,0.000000,0.000000,0.000000,0.000000,0.000000,0.000000,0.000000
1779333505897.499,1,0,1,-0.000647,0.105964,0.429498,0.086535,0.979041,0.144058,-0.115051,0,0,-1,0.000000,0.000000,0.000000,0.000000,0.000000,0.000000,0.000000
1779333505930.832,1,0,1,-0.002813,0.106780,0.429356,0.118381,0.975070,0.136549,-0.128755,0,0,-1,0.000000,0.000000,0.000000,0.000000,0.000000,0.000000,0.000000
1779333505964.166,1,0,1,-0.002359,0.108787,0.428124,0.156490,0.970801,0.119165,-0.137314,0,0,-1,0.000000,0.000000,0.000000,0.000000,0.000000,0.000000,0.000000
1779333505997.499,1,0,1,-0.001974,0.109205,0.427064,0.175115,0.967618,0.119975,-0.136584,0,0,-1,0.000000,0.000000,0.000000,0.000000,0.000000,0.000000,0.000000
1779333506030.832,1,0,1,-0.001188,0.109376,0.426806,0.164233,0.972515,0.100758,-0.130727,0,0,-1,0.000000,0.000000,0.000000,0.000000,0.000000,0.000000,0.000000
1779333506064.166,1,0,1,-0.002279,0.109870,0.426633,0.146957,0.977615,0.082044,-0.126262,0,0,-1,0.000000,0.000000,0.000000,0.000000,0.000000,0.000000,0.000000
1779333506097.499,1,0,1,-0.003922,0.110989,0.426543,0.174390,0.971715,0.075140,-0.140399,0,0,-1,0.000000,0.000000,0.000000,0.000000,0.000000,0.000000,0.000000
1779333506130.832,1,0,1,-0.002438,0.110918,0.426381,0.177760,0.971060,0.073507,-0.141564,0,0,-1,0.000000,0.000000,0.000000,0.000000,0.000000,0.000000,0.000000
1779333506164.166,1,0,1,0.000163,0.112416,0.425143,0.188036,0.968763,0.079538,-0.140764,0,0,-1,0.000000,0.000000,0.000000,0.000000,0.000000,0.000000,0.000000
1779333506197.499,1,0,1,-0.001905,0.112645,0.425490,0.190884,0.969537,0.055643,-0.143060,0,0,-1,0.000000,0.000000,0.000000,0.000000,0.000000,0.000000,0.000000
1779333506230.832,1,0,1,-0.003758,0.112704,0.426281,0.188893,0.968942,0.072816,-0.142019,0,0,-1,-0.070222,-0.045827,0.247240,0.904437,0.119806,-0.377236,0.159164
1779333506264.166,1,0,1,-0.001473,0.113698,0.425412,0.170361,0.974864,0.031286,-0.140134,0,0,-1,-0.067553,-0.035033,0.266227,0.889984,0.128837,-0.398047,0.181352
1779333506297.499,1,0,1,-0.002654,0.114202,0.425811,0.169827,0.975508,0.026529,-0.137257,0,0,-1,-0.064884,-0.024238,0.285215,0.874449,0.137711,-0.418374,0.203318
1779333506330.832,1,0,1,-0.000527,0.115804,0.425219,0.174943,0.974475,0.024443,-0.138551,0,0,-1,-0.062216,-0.013444,0.304202,0.857850,0.146418,-0.438193,0.225038
1779333506364.166,1,0,1,0.000496,0.116582,0.424849,0.177572,0.974149,0.007653,-0.139438,0,0,-1,-0.059547,-0.002649,0.323190,0.840209,0.154947,-0.457478,0.246484
1779333506397.499,1,0,1,0.000520,0.116371,0.425059,0.191499,0.970382,0.063706,-0.132770,0,0,-1,0.000000,0.000000,0.000000,0.000000,0.000000,0.000000,0.000000
1779333506430.832,1,0,1,0.000566,0.115743,0.425712,0.201116,0.966310,0.098025,-0.127232,0,0,-1,0.000000,0.000000,0.000000,0.000000,0.000000,0.000000,0.000000
1779333506464.166,1,0,1,0.002150,0.116444,0.424606,0.207355,0.967515,0.059707,-0.131732,0,0,-1,0.000000,0.000000,0.000000,0.000000,0.000000,0.000000,0.000000
1779333506497.499,1,0,1,0.003678,0.115590,0.424496,0.202580,0.969303,0.061473,-0.125036,0,0,-1,0.000000,0.000000,0.000000,0.000000,0.000000,0.000000,0.000000
1779333506530.832,1,0,1,0.003867,0.116037,0.423802,0.223745,0.962869,0.072402,-0.132584,0,0,-1,0.000000,0.000000,0.000000,0.000000,0.000000,0.000000,0.000000
1779333506564.166,1,0,1,0.002104,0.116285,0.424036,0.198057,0.969542,0.049925,-0.135167,0,0,-1,0.000000,0.000000,0.000000,0.000000,0.000000,0.000000,0.000000
1779333506597.499,1,0,1,0.000761,0.114601,0.424173,0.187689,0.971821,0.052839,-0.132454,0,0,-1,0.000000,0.000000,0.000000,0.000000,0.000000,0.000000,0.000000
1779333506630.832,1,0,1,-0.001254,0.113178,0.424199,0.195335,0.968905,0.059852,-0.139588,0,0,-1,0.000000,0.000000,0.000000,0.000000,0.000000,0.000000,0.000000
1779333506664.166,1,0,1,-0.000860,0.111976,0.424108,0.191461,0.969466,0.042301,-0.147269,0,0,-1,0.000000,0.000000,0.000000,0.000000,0.000000,0.000000,0.000000
1779333506697.499,1,0,1,-0.000671,0.112064,0.423817,0.171450,0.973524,0.015743,-0.150357,0,0,-1,0.000000,0.000000,0.000000,0.000000,0.000000,0.000000,0.000000
1779333506730.832,1,0,0,0.001933,0.112635,0.421805,-0.788641,0.601910,0.098193,0.078155,0,0,-1,0.000000,0.000000,0.000000,0.000000,0.000000,0.000000,0.000000
1779333506764.166,1,0,1,-0.000767,0.112353,0.422800,0.238944,-0.965784,-0.080207,0.061110,0,0,-1,0.000000,0.000000,0.000000,0.000000,0.000000,0.000000,0.000000
1779333506797.499,1,0,1,-0.001771,0.112862,0.423546,0.176880,0.973667,0.042194,-0.137496,0,0,-1,0.000000,0.000000,0.000000,0.000000,0.000000,0.000000,0.000000
1779333506830.832,1,0,1,-0.001679,0.113416,0.423348,0.160487,0.976999,0.032855,-0.136520,0,0,-1,0.000000,0.000000,0.000000,0.000000,0.000000,0.000000,0.000000
1779333506864.166,1,0,1,-0.002182,0.114012,0.423201,0.163886,0.976977,0.015402,-0.135720,0,0,-1,0.000000,0.000000,0.000000,0.000000,0.000000,0.000000,0.000000
1779333506897.499,1,0,0,-0.001484,0.116507,0.421009,-0.787027,0.603271,0.097334,0.084730,0,0,-1,0.000000,0.000000,0.000000,0.000000,0.000000,0.000000,0.000000
1779333506930.832,1,0,1,-0.001446,0.116089,0.421947,0.231860,-0.965685,-0.098793,0.062710,0,0,-1,0.000000,0.000000,0.000000,0.000000,0.000000,0.000000,0.000000
1779333506964.166,1,0,1,-0.002814,0.115438,0.422776,0.188133,0.969806,0.062484,-0.142050,0,0,-1,0.000000,0.000000,0.000000,0.000000,0.000000,0.000000,0.000000
1779333506997.499,1,0,1,-0.002742,0.114660,0.423055,0.175421,0.973795,0.049125,-0.136150,0,0,-1,0.000000,0.000000,0.000000,0.000000,0.000000,0.000000,0.000000
1779333507030.832,1,0,1,-0.002174,0.113012,0.423004,0.199487,0.968324,0.066087,-0.134855,0,0,-1,0.000000,0.000000,0.000000,0.000000,0.000000,0.000000,0.000000
1779333507064.166,1,0,1,-0.002245,0.112628,0.422991,0.188744,0.969947,0.058866,-0.141819,0,0,-1,0.000000,0.000000,0.000000,0.000000,0.000000,0.000000,0.000000
1779333507097.499,1,0,1,-0.002275,0.112329,0.423356,0.180108,0.972155,0.048901,-0.141718,0,0,-1,0.000000,0.000000,0.000000,0.000000,0.000000,0.000000,0.000000
1779333507130.832,1,0,0,-0.001296,0.113219,0.421356,0.948542,0.260705,-0.070377,-0.165370,0,0,-1,0.000000,0.000000,0.000000,0.000000,0.000000,0.000000,0.000000
1779333507164.166,1,0,1,-0.003340,0.111664,0.422585,0.567233,0.803489,-0.018957,-0.179704,0,0,-1,0.000000,0.000000,0.000000,0.000000,0.000000,0.000000,0.000000
1779333507197.499,1,0,0,-0.002012,0.112469,0.421902,-0.789165,0.599129,0.120655,0.060863,0,0,-1,0.000000,0.000000,0.000000,0.000000,0.000000,0.000000,0.000000
1779333507230.832,1,0,0,0.000178,0.113498,0.420831,0.969288,-0.182267,-0.117024,-0.116471,0,0,-1,0.000000,0.000000,0.000000,0.000000,0.000000,0.000000,0.000000
1779333507264.166,1,0,1,-0.000709,0.110891,0.422556,0.271375,-0.954167,-0.093573,0.084650,0,0,-1,0.000000,0.000000,0.000000,0.000000,0.000000,0.000000,0.000000
1779333507297.499,1,0,1,-0.000423,0.111203,0.422190,0.160591,0.976647,0.039726,-0.137086,0,0,-1,0.000000,0.000000,0.000000,0.000000,0.000000,0.000000,0.000000
1779333507330.832,1,0,1,-0.001701,0.111053,0.422883,0.148039,0.979039,0.017575,-0.138775,0,0,-1,0.000000,0.000000,0.000000,0.000000,0.000000,0.000000,0.000000
1779333507364.166,1,0,0,-0.000758,0.111852,0.421811,-0.779646,0.612979,0.106815,0.070707,0,0,-1,0.000000,0.000000,0.000000,0.000000,0.000000,0.000000,0.000000
1779333507397.499,1,0,0,-0.000704,0.112923,0.421077,0.955113,-0.224533,-0.114266,-0.155846,0,0,-1,0.000000,0.000000,0.000000,0.000000,0.000000,0.000000,0.000000
1779333507430.832,1,0,0,-0.000480,0.112930,0.420838,0.962381,-0.208629,-0.114271,-0.131297,0,0,-1,0.000000,0.000000,0.000000,0.000000,0.000000,0.000000,0.000000
1779333507464.166,1,0,0,-0.000153,0.112673,0.420787,0.963745,-0.202774,-0.113869,-0.130813,0,0,-1,0.000000,0.000000,0.000000,0.000000,0.000000,0.000000,0.000000
1779333507497.499,1,0,0,0.000263,0.112377,0.420689,0.964802,-0.201436,-0.111902,-0.126720,0,0,-1,0.000000,0.000000,0.000000,0.000000,0.000000,0.000000,0.000000
1779333507530.832,1,0,0,-0.001000,0.112349,0.420734,0.962861,-0.191028,-0.113107,-0.153669,0,0,-1,0.000000,0.000000,0.000000,0.000000,0.000000,0.000000,0.000000
1779333507564.166,1,0,1,-0.004606,0.111337,0.422489,0.595423,0.779024,0.016583,-0.195749,0,0,-1,0.000000,0.000000,0.000000,0.000000,0.000000,0.000000,0.000000
1779333507597.499,1,0,0,-0.002413,0.112184,0.422012,-0.768930,0.620707,0.135273,0.071908,0,0,-1,0.000000,0.000000,0.000000,0.000000,0.000000,0.000000,0.000000
1779333507630.832,1,0,1,-0.002351,0.112461,0.422029,0.284242,-0.951687,-0.102192,0.055273,0,0,-1,0.000000,0.000000,0.000000,0.000000,0.000000,0.000000,0.000000
1779333507664.166,1,0,1,-0.003455,0.111518,0.422408,0.171171,0.974344,0.027843,-0.143451,0,0,-1,0.000000,0.000000,0.000000,0.000000,0.000000,0.000000,0.000000
1779333507697.499,1,0,0,-0.001501,0.112244,0.421496,-0.759063,0.639965,0.110644,0.045004,0,0,-1,0.000000,0.000000,0.000000,0.000000,0.000000,0.000000,0.000000
1779333507730.832,1,0,0,0.000053,0.112159,0.421148,0.960364,-0.210081,-0.121042,-0.137538,0,0,-1,0.000000,0.000000,0.000000,0.000000,0.000000,0.000000,0.000000
1779333507764.166,1,0,0,0.000961,0.112002,0.420389,0.962038,-0.211639,-0.116358,-0.127096,0,0,-1,0.000000,0.000000,0.000000,0.000000,0.000000,0.000000,0.000000
1779333507797.499,1,0,0,0.000515,0.112290,0.420526,0.965257,-0.200221,-0.114910,-0.122421,0,0,-1,0.000000,0.000000,0.000000,0.000000,0.000000,0.000000,0.000000
1779333507830.832,1,0,0,-0.000232,0.111987,0.420436,0.959623,-0.218176,-0.115345,-0.134976,0,0,-1,0.000000,0.000000,0.000000,0.000000,0.000000,0.000000,0.000000
1779333507864.166,1,0,1,-0.003538,0.110394,0.421434,0.319977,-0.935168,-0.143099,0.050971,0,0,-1,0.000000,0.000000,0.000000,0.000000,0.000000,0.000000,0.000000
1779333507897.499,1,0,1,-0.003922,0.109283,0.422352,0.186097,0.968784,0.067600,-0.149183,0,0,-1,0.000000,0.000000,0.000000,0.000000,0.000000,0.000000,0.000000
1779333507930.832,1,0,0,-0.001068,0.110695,0.420813,-0.698493,0.704326,0.124573,0.022668,0,0,-1,0.000000,0.000000,0.000000,0.000000,0.000000,0.000000,0.000000
1779333507964.166,1,0,0,0.000406,0.111353,0.419865,0.962972,-0.218199,-0.113859,-0.110046,0,0,-1,0.000000,0.000000,0.000000,0.000000,0.000000,0.000000,0.000000
1779333507997.499,1,0,0,-0.000735,0.110986,0.420305,0.965095,-0.200827,-0.114340,-0.123233,0,0,-1,0.000000,0.000000,0.000000,0.000000,0.000000,0.000000,0.000000
1779333508030.832,1,0,0,-0.000445,0.110927,0.420533,0.959772,-0.215642,-0.117986,-0.135706,1,0,0,-0.042579,0.051543,0.429773,0.693554,0.214812,-0.538864,0.427159
1779333508064.166,1,0,1,-0.003375,0.110084,0.421808,0.378620,-0.917674,-0.113490,0.040506,1,1,0,-0.040973,0.051838,0.429815,0.702458,0.204655,-0.518081,0.443014
1779333508097.499,1,0,0,-0.003017,0.110379,0.421244,-0.670926,0.729223,0.129750,0.035457,1,1,-1,-0.041536,0.051943,0.429484,0.685052,0.218232,-0.534906,0.443795
1779333508130.832,1,0,1,-0.003467,0.109629,0.421759,0.405689,-0.907469,-0.102382,0.037877,1,1,0,-0.042042,0.052092,0.429130,0.668876,0.230947,-0.550019,0.443562
1779333508164.166,1,0,0,-0.001483,0.110085,0.421034,-0.671842,0.731178,0.117885,0.010485,1,1,-1,-0.041769,0.052829,0.428468,0.675972,0.234246,-0.547468,0.434130
1779333508197.499,1,0,0,0.000348,0.111432,0.419838,0.966981,-0.194355,-0.112953,-0.120069,1,1,0,-0.041538,0.053487,0.427857,0.682409,0.236795,-0.545012,0.425686
1779333508230.832,1,0,0,-0.000714,0.111102,0.420235,0.964337,-0.198636,-0.116556,-0.130434,1,1,-1,-0.041907,0.053048,0.427937,0.681065,0.229422,-0.545000,0.431847
1779333508264.166,1,0,0,-0.001028,0.110644,0.420316,0.961479,-0.207182,-0.116779,-0.137825,1,1,-1,-0.042275,0.052609,0.428017,0.679656,0.222027,-0.544936,0.437968
1779333508297.499,1,0,0,0.000188,0.110793,0.419938,0.959942,-0.223532,-0.116897,-0.121983,1,1,-1,-0.042643,0.052170,0.428097,0.678184,0.214611,-0.544822,0.444047
1779333508330.832,1,0,0,0.000136,0.111300,0.420203,0.958703,-0.225439,-0.119849,-0.125308,1,1,0,-0.042980,0.051780,0.428149,0.677212,0.207816,-0.544396,0.449254
1779333508364.166,1,0,0,-0.001487,0.111603,0.420520,0.961868,-0.206827,-0.113910,-0.138050,1,1,-1,-0.042848,0.052121,0.427787,0.684624,0.210620,-0.540013,0.441945
1779333508397.499,1,0,0,-0.000381,0.111139,0.420102,0.971068,-0.183934,-0.107201,-0.108184,1,1,0,-0.042704,0.052443,0.427450,0.691280,0.213248,-0.536026,0.435124
1779333508430.832,1,0,0,-0.000927,0.110607,0.420087,0.968841,-0.188547,-0.112390,-0.114743,1,1,-1,-0.042356,0.052477,0.427523,0.687524,0.213545,-0.539350,0.436819
1779333508464.166,1,0,0,-0.002163,0.111071,0.420170,0.959306,-0.217345,-0.118736,-0.135625,1,1,-1,-0.042008,0.052510,0.427596,0.683749,0.213837,-0.542658,0.438502
1779333508497.499,1,0,0,-0.002652,0.111068,0.420542,0.960959,-0.212885,-0.117158,-0.132330,1,1,-1,-0.041660,0.052544,0.427669,0.679954,0.214122,-0.545951,0.440172
1779333508530.832,1,0,1,-0.005315,0.109705,0.422015,0.790641,0.576953,-0.034429,-0.202055,1,1,-1,-0.041312,0.052577,0.427742,0.676141,0.214402,-0.549228,0.441830
1779333508564.166,1,0,0,-0.002561,0.110141,0.420884,0.856086,0.497867,-0.042476,-0.132063,1,1,-1,-0.040964,0.052611,0.427815,0.672308,0.214676,-0.552490,0.443476
1779333508597.499,1,0,0,0.000234,0.111075,0.419384,0.971206,-0.191540,-0.109425,-0.089989,1,1,-1,-0.040616,0.052644,0.427888,0.668456,0.214943,-0.555737,0.445109
1779333508630.832,1,0,0,-0.000639,0.111023,0.419493,0.965626,-0.195917,-0.111855,-0.129119,1,0,0,-0.040369,0.052562,0.427943,0.665496,0.216171,-0.557854,0.446301
1779333508664.166,1,0,0,-0.000699,0.111120,0.419446,0.965265,-0.204979,-0.116080,-0.113012,1,1,0,-0.041955,0.050488,0.427693,0.678438,0.234299,-0.540240,0.439279
1779333508697.499,1,0,0,0.000455,0.110873,0.419502,0.961449,-0.224893,-0.121437,-0.101453,1,1,-1,-0.042825,0.051361,0.427897,0.677929,0.233874,-0.546718,0.432220
1779333508730.832,1,0,0,-0.000029,0.110342,0.419505,0.962868,-0.217928,-0.119077,-0.105895,1,1,-1,-0.043694,0.052233,0.428102,0.677357,0.233428,-0.553147,0.425120
1779333508764.166,1,0,0,-0.001702,0.110284,0.419594,0.967123,-0.200271,-0.112713,-0.108900,0,0,-1,0.000000,0.000000,0.000000,0.000000,0.000000,0.000000,0.000000
1779333508797.499,1,0,1,-0.004053,0.109629,0.420809,0.513004,-0.851898,-0.099546,0.034438,0,0,-1,0.000000,0.000000,0.000000,0.000000,0.000000,0.000000,0.000000
1779333508830.832,1,0,0,-0.003040,0.109815,0.420759,-0.588729,0.800548,0.111881,0.002120,0,0,-1,0.000000,0.000000,0.000000,0.000000,0.000000,0.000000,0.000000
1779333508864.166,1,0,1,-0.002787,0.110127,0.420770,0.790050,0.579020,-0.042461,-0.196858,0,0,-1,0.000000,0.000000,0.000000,0.000000,0.000000,0.000000,0.000000
1779333508897.499,1,0,0,-0.001492,0.110460,0.420260,-0.583467,0.802432,0.119374,-0.037659,0,0,-1,0.000000,0.000000,0.000000,0.000000,0.000000,0.000000,0.000000
1779333508930.832,1,0,0,-0.000629,0.111154,0.419224,0.966101,-0.209879,-0.116551,-0.094954,0,0,-1,0.000000,0.000000,0.000000,0.000000,0.000000,0.000000,0.000000
1779333508964.166,1,0,0,-0.000507,0.111168,0.419308,0.967448,-0.202086,-0.119469,-0.094518,0,0,-1,0.000000,0.000000,0.000000,0.000000,0.000000,0.000000,0.000000
1779333508997.499,1,0,0,0.000226,0.111086,0.419385,0.963814,-0.214023,-0.118256,-0.106173,0,0,-1,0.000000,0.000000,0.000000,0.000000,0.000000,0.000000,0.000000
1779333509030.832,1,0,0,0.000341,0.111242,0.419203,0.963598,-0.222180,-0.118723,-0.089557,0,0,-1,0.000000,0.000000,0.000000,0.000000,0.000000,0.000000,0.000000
1779333509064.166,1,0,0,0.000542,0.110871,0.419300,0.969773,-0.198478,-0.116423,-0.081193,0,0,-1,0.000000,0.000000,0.000000,0.000000,0.000000,0.000000,0.000000
1779333509097.499,1,0,0,-0.001124,0.111124,0.419879,0.970128,-0.189363,-0.115978,-0.097685,0,0,-1,0.000000,0.000000,0.000000,0.000000,0.000000,0.000000,0.000000
1779333509130.832,1,0,0,0.000024,0.111184,0.419592,0.968496,-0.205818,-0.121629,-0.069716,0,0,-1,0.000000,0.000000,0.000000,0.000000,0.000000,0.000000,0.000000
1779333509164.166,1,0,0,-0.000580,0.110738,0.419644,0.965318,-0.210684,-0.121184,-0.095330,0,0,-1,0.000000,0.000000,0.000000,0.000000,0.000000,0.000000,0.000000
1779333509197.499,1,0,0,-0.000913,0.111090,0.419804,0.968805,-0.197836,-0.117158,-0.092472,0,0,-1,0.000000,0.000000,0.000000,0.000000,0.000000,0.000000,0.000000
1779333509230.832,1,0,1,-0.003732,0.110336,0.421420,0.800200,0.579475,-0.027483,-0.152094,0,0,-1,0.000000,0.000000,0.000000,0.000000,0.000000,0.000000,0.000000
1779333509264.166,1,0,0,-0.003895,0.110040,0.421367,0.846010,0.496551,-0.040971,-0.189805,0,0,-1,0.000000,0.000000,0.000000,0.000000,0.000000,0.000000,0.000000
1779333509297.499,1,0,1,-0.002387,0.109641,0.420914,0.518109,-0.848626,-0.103234,0.027218,0,0,-1,0.000000,0.000000,0.000000,0.000000,0.000000,0.000000,0.000000
1779333509330.832,1,0,0,-0.003135,0.109688,0.420874,-0.578817,0.807107,0.113137,-0.027354,0,0,-1,0.000000,0.000000,0.000000,0.000000,0.000000,0.000000,0.000000
1779333509364.166,1,0,0,-0.001035,0.111267,0.419727,0.964017,-0.219197,-0.118632,-0.092473,0,0,-1,0.000000,0.000000,0.000000,0.000000,0.000000,0.000000,0.000000
1779333509397.499,1,0,0,0.000409,0.111698,0.419478,0.967381,-0.204636,-0.117420,-0.092255,0,0,-1,0.000000,0.000000,0.000000,0.000000,0.000000,0.000000,0.000000
1779333509430.832,1,0,0,0.000622,0.111707,0.419249,0.961419,-0.220154,-0.120625,-0.112493,0,0,-1,0.000000,0.000000,0.000000,0.000000,0.000000,0.000000,0.000000
1779333509464.166,1,0,0,0.000660,0.111659,0.419264,0.954560,-0.252929,-0.116641,-0.106007,0,0,-1,0.000000,0.000000,0.000000,0.000000,0.000000,0.000000,0.000000
1779333509497.499,1,0,0,-0.000901,0.111235,0.419433,0.957257,-0.242148,-0.117052,-0.106406,0,0,0,-0.094589,-0.102510,0.167997,0.873535,-0.318622,-0.083948,-0.358287
1779333509530.832,1,0,0,-0.001105,0.111554,0.419472,0.966813,-0.194323,-0.112949,-0.121463,0,0,-1,-0.094472,-0.102080,0.167982,0.877215,-0.314712,-0.096431,-0.349501
1779333509564.166,1,0,1,-0.003322,0.110581,0.420752,0.793655,0.579066,-0.025883,-0.184729,0,0,-1,-0.094356,-0.101650,0.167967,0.880665,-0.310720,-0.108889,-0.340624
1779333509597.499,1,0,0,-0.002530,0.110462,0.420424,0.838560,0.508838,-0.035069,-0.191495,0,0,0,-0.094136,-0.100918,0.168471,0.884578,-0.305816,-0.122360,-0.330191
1779333509630.832,1,0,0,-0.000667,0.111024,0.419432,0.966818,-0.196392,-0.110801,-0.120064,0,0,-1,-0.086709,-0.079099,0.205217,0.924489,-0.239090,-0.206457,-0.213382
1779333509664.166,1,0,0,-0.002485,0.111104,0.419486,0.962822,-0.208205,-0.113486,-0.129406,0,0,-1,-0.079281,-0.057280,0.241962,0.939658,-0.165965,-0.285030,-0.090862
1779333509697.499,1,0,0,-0.001222,0.111720,0.419407,0.963157,-0.213608,-0.113732,-0.117326,0,0,-1,0.000000,0.000000,0.000000,0.000000,0.000000,0.000000,0.000000
1779333509730.832,1,0,0,0.000521,0.111619,0.419452,0.963020,-0.221890,-0.116762,-0.098611,0,0,-1,0.000000,0.000000,0.000000,0.000000,0.000000,0.000000,0.000000
1779333509764.166,1,0,1,-0.002920,0.110037,0.420937,0.504632,-0.854669,-0.114843,0.041203,0,0,-1,0.000000,0.000000,0.000000,0.000000,0.000000,0.000000,0.000000
1779333509797.499,1,0,0,-0.002879,0.110564,0.420680,0.839509,0.516187,-0.042338,-0.164268,0,0,-1,0.000000,0.000000,0.000000,0.000000,0.000000,0.000000,0.000000
1779333509830.832,1,0,0,0.001048,0.111623,0.418905,0.969254,-0.202014,-0.105171,-0.093147,0,0,-1,0.000000,0.000000,0.000000,0.000000,0.000000,0.000000,0.000000
1779333509864.166,1,0,0,0.001344,0.111463,0.418778,0.966605,-0.210866,-0.112926,-0.091973,0,0,-1,0.000000,0.000000,0.000000,0.000000,0.000000,0.000000,0.000000
1779333509897.499,1,0,1,-0.002632,0.110160,0.420496,0.510671,-0.848087,-0.129944,0.055475,0,0,-1,0.000000,0.000000,0.000000,0.000000,0.000000,0.000000,0.000000
1779333509930.832,1,0,1,-0.005899,0.109981,0.421575,0.180433,0.969250,0.075775,-0.149184,0,0,-1,0.000000,0.000000,0.000000,0.000000,0.000000,0.000000,0.000000
1779333509964.166,1,0,0,-0.002068,0.111874,0.420214,-0.586365,0.797202,0.142673,-0.017037,0,0,-1,0.000000,0.000000,0.000000,0.000000,0.000000,0.000000,0.000000
1779333509997.499,1,0,0,0.000724,0.112489,0.419132,0.965571,-0.208630,-0.116396,-0.102944,0,0,-1,0.000000,0.000000,0.000000,0.000000,0.000000,0.000000,0.000000
1779333510030.832,1,0,0,0.001544,0.111985,0.418950,0.963897,-0.215150,-0.114089,-0.107685,0,0,-1,0.000000,0.000000,0.000000,0.000000,0.000000,0.000000,0.000000
1779333510064.166,1,0,0,0.001574,0.111835,0.418984,0.961855,-0.216280,-0.114865,-0.121919,0,0,-1,0.000000,0.000000,0.000000,0.000000,0.000000,0.000000,0.000000
1779333510097.499,1,0,0,-0.000023,0.111442,0.419248,0.960039,-0.223734,-0.117320,-0.120436,0,0,-1,0.000000,0.000000,0.000000,0.000000,0.000000,0.000000,0.000000
1779333510130.832,1,0,0,-0.000370,0.111794,0.419318,0.962866,-0.217013,-0.117946,-0.109010,0,0,-1,0.000000,0.000000,0.000000,0.000000,0.000000,0.000000,0.000000
1779333510164.166,1,0,1,-0.003790,0.111052,0.420672,0.792635,0.578812,-0.057113,-0.182880,0,0,-1,0.000000,0.000000,0.000000,0.000000,0.000000,0.000000,0.000000
1779333510197.499,1,0,0,-0.003146,0.111147,0.420336,0.843457,0.498886,-0.065641,-0.188109,0,0,-1,0.000000,0.000000,0.000000,0.000000,0.000000,0.000000,0.000000
1779333510230.832,1,0,0,-0.000881,0.112578,0.418864,0.964116,-0.209590,-0.115864,-0.114577,0,0,-1,0.000000,0.000000,0.000000,0.000000,0.000000,0.000000,0.000000
1779333510264.166,1,0,0,-0.000824,0.112610,0.418881,0.967380,-0.193865,-0.113668,-0.116922,0,0,-1,0.000000,0.000000,0.000000,0.000000,0.000000,0.000000,0.000000
1779333510297.499,1,0,0,0.001065,0.112440,0.418942,0.966759,-0.205951,-0.116649,-0.096716,0,0,-1,0.000000,0.000000,0.000000,0.000000,0.000000,0.000000,0.000000
1779333510330.832,1,0,0,0.000286,0.111823,0.419351,0.961014,-0.223939,-0.123222,-0.105453,0,0,-1,0.000000,0.000000,0.000000,0.000000,0.000000,0.000000,0.000000
1779333510364.166,1,0,0,-0.000718,0.112006,0.419446,0.961504,-0.217406,-0.120907,-0.116729,0,0,-1,0.000000,0.000000,0.000000,0.000000,0.000000,0.000000,0.000000
1779333510397.499,1,0,1,-0.001928,0.109938,0.420941,0.813062,0.541045,0.051131,-0.208773,1,0,0,-0.044019,0.054734,0.427134,0.681250,0.218689,-0.529200,0.456094
1779333510430.832,1,0,0,-0.001324,0.109926,0.420692,0.869023,0.458518,0.028462,-0.183713,1,0,0,-0.041826,0.052091,0.427772,0.684709,0.213951,-0.531719,0.450194
1779333510464.166,1,0,0,0.001614,0.112094,0.418767,0.970283,-0.199888,-0.115229,-0.072929,1,1,-1,-0.041591,0.052528,0.427614,0.692511,0.217614,-0.544643,0.420043
1779333510497.499,1,0,0,0.002974,0.111968,0.418355,0.968848,-0.202813,-0.116006,-0.082119,1,1,0,-0.041379,0.053002,0.427447,0.699554,0.221124,-0.557053,0.389129
1779333510530.832,1,0,0,0.003730,0.111417,0.418190,0.967041,-0.215779,-0.121609,-0.059019,1,1,0,-0.042696,0.053020,0.427498,0.696503,0.211704,-0.557325,0.399316
1779333510564.166,1,0,0,0.001500,0.111217,0.418763,0.968799,-0.203924,-0.120458,-0.073033,1,1,-1,-0.044033,0.053033,0.427553,0.693182,0.202079,-0.557330,0.409934
1779333510597.499,1,0,0,0.001305,0.111569,0.418829,0.968754,-0.196422,-0.115057,-0.098466,1,1,0,-0.045369,0.053045,0.427607,0.689711,0.192411,-0.557215,0.420463
1779333510630.832,1,0,0,0.000352,0.111838,0.419254,0.967317,-0.198307,-0.116340,-0.106949,1,1,-1,-0.044189,0.053496,0.427397,0.670027,0.217251,-0.557753,0.439064
1779333510664.166,1,0,0,-0.000473,0.111706,0.419534,0.964021,-0.202853,-0.120098,-0.122841,1,1,0,-0.042974,0.053953,0.427183,0.649192,0.242279,-0.557532,0.457174
1779333510697.499,1,0,0,0.001466,0.111188,0.418959,0.960211,-0.222419,-0.121015,-0.117817,1,0,0,-0.043945,0.053533,0.427575,0.649235,0.253702,-0.546391,0.464312
1779333510730.832,1,0,0,0.002524,0.111364,0.418647,0.964166,-0.219377,-0.121162,-0.087051,1,1,-1,-0.043941,0.053805,0.427480,0.658976,0.239317,-0.548984,0.455077
1779333510764.166,1,0,0,0.002016,0.111558,0.418824,0.968938,-0.202403,-0.120498,-0.075320,1,1,-1,-0.043920,0.054088,0.427376,0.668595,0.224431,-0.551570,0.445401
1779333510797.499,1,0,0,0.000369,0.111253,0.419042,0.965808,-0.206588,-0.118107,-0.102890,1,1,0,-0.043899,0.054370,0.427272,0.677937,0.209452,-0.553928,0.435540
1779333510830.832,1,0,0,0.001633,0.111314,0.418780,0.967401,-0.203014,-0.115894,-0.097416,1,1,0,-0.043879,0.054653,0.427169,0.686997,0.194387,-0.556056,0.425499
1779333510864.166,1,0,0,0.002165,0.111513,0.418718,0.970770,-0.198932,-0.116773,-0.066295,1,1,-1,-0.043260,0.054142,0.427128,0.686739,0.198633,-0.552951,0.427995
1779333510897.499,1,0,0,0.000957,0.111876,0.418717,0.970867,-0.198691,-0.115384,-0.068006,1,1,-1,-0.042630,0.053618,0.427088,0.686290,0.203218,-0.549733,0.430700
1779333510930.832,1,0,0,0.000276,0.111796,0.418530,0.963129,-0.218420,-0.116957,-0.104865,1,1,-1,-0.042000,0.053093,0.427048,0.685814,0.207796,-0.546493,0.433388
1779333510964.166,1,0,0,0.001109,0.111980,0.418581,0.959371,-0.233361,-0.116628,-0.107464,1,1,-1,-0.041370,0.052568,0.427008,0.685312,0.212365,-0.543232,0.436059
1779333510997.499,1,0,0,0.001570,0.112119,0.418654,0.964121,-0.217687,-0.118202,-0.095455,1,1,0,-0.040740,0.052044,0.426967,0.684783,0.216925,-0.539950,0.438713
1779333511030.832,1,0,0,0.000388,0.111686,0.418536,0.964819,-0.209565,-0.117719,-0.106529,1,1,-1,-0.040463,0.052009,0.427148,0.683092,0.214612,-0.541109,0.441053
1779333511064.166,1,0,0,0.000966,0.111944,0.418771,0.961351,-0.215942,-0.118179,-0.123321,1,1,-1,-0.040193,0.051985,0.427332,0.681368,0.212153,-0.542350,0.443380
1779333511097.499,1,0,0,0.001503,0.111924,0.418939,0.966793,-0.193161,-0.118377,-0.118267,1,1,-1,-0.039922,0.051960,0.427517,0.679632,0.209691,-0.543583,0.445699
1779333511130.832,1,0,0,0.002111,0.112081,0.418280,0.967429,-0.200389,-0.117367,-0.100747,1,1,0,-0.039652,0.051935,0.427702,0.677885,0.207226,-0.544808,0.448011
1779333511164.166,1,0,0,0.004049,0.112493,0.417644,0.958745,-0.236505,-0.119945,-0.102406,1,0,0,-0.043231,0.054535,0.427546,0.700853,0.202214,-0.553896,0.401389
1779333511197.499,1,0,0,0.001775,0.112288,0.418106,0.962137,-0.219634,-0.118356,-0.109747,1,1,-1,-0.043623,0.056287,0.425056,0.671149,0.214148,-0.528200,0.474030
1779333511230.832,1,0,0,0.000353,0.112806,0.418448,0.966051,-0.204003,-0.116291,-0.107725,1,1,0,-0.043940,0.058018,0.422513,0.635251,0.224895,-0.497791,0.545970
1779333511264.166,1,0,0,0.001266,0.112559,0.418471,0.966489,-0.207642,-0.121533,-0.089513,1,0,0,-0.039005,0.049942,0.426001,0.665222,0.231245,-0.517220,0.486301
1779333511297.499,1,0,0,0.002301,0.111777,0.418427,0.971102,-0.189905,-0.119520,-0.081310,1,0,0,-0.041087,0.053360,0.428025,0.695693,0.198477,-0.561788,0.401263
1779333511330.832,1,0,0,0.002694,0.112102,0.418493,0.970253,-0.191444,-0.117349,-0.090483,1,1,-1,-0.041668,0.053523,0.428263,0.699645,0.201358,-0.558092,0.398101
1779333511364.166,1,0,0,0.000444,0.112364,0.418550,0.967922,-0.198775,-0.118784,-0.097500,1,1,-1,-0.042208,0.053596,0.428458,0.702995,0.205177,-0.553221,0.397048
1779333511397.499,1,0,0,0.001183,0.112113,0.418373,0.969553,-0.188553,-0.117776,-0.102683,1,1,0,-0.042747,0.053669,0.428652,0.706309,0.208985,-0.548321,0.395975
1779333511430.832,1,0,0,0.002938,0.111859,0.418513,0.968710,-0.195267,-0.122944,-0.091411,1,0,0,-0.043817,0.052840,0.428576,0.687144,0.212138,-0.544164,0.432106
1779333511464.166,1,0,0,0.000903,0.111986,0.418494,0.969048,-0.199109,-0.126915,-0.072075,1,1,-1,-0.042465,0.052450,0.428486,0.679948,0.214636,-0.550729,0.433934
1779333511497.499,1,0,0,0.000849,0.112572,0.418210,0.973633,-0.184705,-0.125799,-0.045806,1,1,0,-0.041049,0.052072,0.428396,0.673039,0.217100,-0.557540,0.434782
1779333511530.832,1,0,0,0.000327,0.112683,0.418307,0.970697,-0.194290,-0.125417,-0.065336,1,0,0,-0.044259,0.055165,0.429000,0.684943,0.229740,-0.554333,0.413265
1779333511564.166,1,0,0,0.000500,0.112485,0.418670,0.968489,-0.199874,-0.127175,-0.076854,1,0,0,-0.041300,0.054300,0.428852,0.672210,0.210219,-0.584625,0.402685
1779333511597.499,1,0,0,0.001039,0.112462,0.418807,0.970980,-0.188693,-0.125794,-0.075949,1,0,0,-0.043011,0.054042,0.428791,0.665211,0.239956,-0.565378,0.424575
1779333511630.832,1,0,0,-0.000373,0.112354,0.418563,0.969217,-0.192005,-0.125261,-0.089794,1,0,0,-0.040277,0.052435,0.427767,0.659348,0.228194,-0.571939,0.431362
1779333511664.166,1,0,0,0.000532,0.112641,0.418462,0.967190,-0.202328,-0.127103,-0.086322,1,1,-1,-0.041564,0.053091,0.427907,0.672132,0.227686,-0.556401,0.432222
1779333511697.499,1,0,0,0.000239,0.112320,0.418800,0.970867,-0.186660,-0.125067,-0.083268,1,1,0,-0.042973,0.053815,0.428083,0.685175,0.227449,-0.539949,0.432733
1779333511730.832,1,0,0,0.001189,0.112112,0.418375,0.976290,-0.171524,-0.121883,-0.050813,1,1,0,-0.044382,0.054539,0.428258,0.697915,0.227112,-0.523258,0.433054
1779333511764.166,1,0,0,0.002431,0.112603,0.418207,0.974343,-0.181291,-0.122020,-0.053858,1,1,-1,-0.043781,0.054258,0.427935,0.699320,0.214170,-0.531856,0.426864
1779333511797.499,1,0,0,0.000175,0.112514,0.418651,0.975323,-0.169716,-0.126684,-0.062387,1,1,-1,-0.043118,0.053946,0.427596,0.700168,0.200777,-0.541074,0.420348
1779333511830.832,1,0,0,0.000715,0.112488,0.418443,0.974903,-0.168836,-0.128853,-0.066749,1,1,0,-0.042455,0.053635,0.427257,0.700801,0.187322,-0.550126,0.413702
1779333511864.166,1,0,0,0.000534,0.112310,0.418509,0.971500,-0.186999,-0.130499,-0.064728,1,1,-1,-0.042311,0.053075,0.428355,0.707834,0.191502,-0.549109,0.400971
1779333511897.499,1,0,0,0.000571,0.112093,0.419032,0.969270,-0.198051,-0.133192,-0.059596,1,1,0,-0.042182,0.052507,0.429499,0.714905,0.196202,-0.547641,0.387950
1779333511930.832,1,0,0,0.002734,0.111790,0.418800,0.970929,-0.189133,-0.128256,-0.071247,1,1,-1,-0.042107,0.052739,0.429451,0.713223,0.202029,-0.548561,0.386752
1779333511964.166,1,0,0,0.000798,0.112158,0.418407,0.973808,-0.173473,-0.126032,-0.075630,1,1,-1,-0.042033,0.052996,0.429364,0.711228,0.207887,-0.549541,0.385930
1779333511997.499,1,0,0,0.000985,0.112585,0.418057,0.979722,-0.148040,-0.129408,-0.038493,1,1,-1,-0.041958,0.053254,0.429277,0.709205,0.213736,-0.550499,0.385092
1779333512030.832,1,0,0,0.002498,0.112522,0.418227,0.981398,-0.139491,-0.130082,-0.021882,1,1,0,-0.041884,0.053512,0.429190,0.707154,0.219576,-0.551435,0.384239
1779333512064.166,1,0,0,0.000729,0.112038,0.418613,0.976455,-0.166182,-0.131484,-0.040385,1,1,-1,-0.042131,0.053663,0.429138,0.693147,0.221688,-0.560430,0.395373
1779333512097.499,1,0,0,-0.000809,0.112212,0.418344,0.973449,-0.178030,-0.132028,-0.057184,1,1,-1,-0.042389,0.053811,0.429087,0.678433,0.223577,-0.569468,0.406754
1779333512130.832,1,0,0,-0.000229,0.112415,0.418507,0.975955,-0.166430,-0.128583,-0.057269,1,1,-1,-0.042647,0.053959,0.429036,0.663425,0.225370,-0.578260,0.417961
1779333512164.166,1,0,0,0.000436,0.112497,0.418561,0.977808,-0.158999,-0.125422,-0.053667,1,1,0,-0.042905,0.054107,0.428985,0.648132,0.227065,-0.586802,0.428987
1779333512197.499,1,0,0,0.000092,0.112948,0.418413,0.972126,-0.184527,-0.129687,-0.064053,1,1,-1,-0.042519,0.054320,0.427938,0.677745,0.231996,-0.559336,0.417111
1779333512230.832,1,0,0,0.001010,0.112910,0.418497,0.971147,-0.187496,-0.132757,-0.063985,1,1,0,-0.042110,0.054535,0.426855,0.707671,0.236593,-0.529471,0.403591
1779333512264.166,1,0,0,0.000958,0.112963,0.418334,0.975225,-0.168274,-0.128795,-0.063497,1,1,0,-0.042180,0.054654,0.427642,0.698781,0.213263,-0.553821,0.399384
1779333512297.499,1,0,0,0.000069,0.113036,0.418339,0.972363,-0.180638,-0.129305,-0.071842,1,1,0,-0.042267,0.054769,0.428499,0.687499,0.188603,-0.579448,0.394987
1779333512330.832,1,0,0,0.000960,0.113071,0.418370,0.973404,-0.175646,-0.132491,-0.063877,1,1,-1,-0.041474,0.054039,0.427629,0.685691,0.194062,-0.571078,0.407478
1779333512364.166,1,0,0,0.000379,0.112799,0.418125,0.976496,-0.166846,-0.128370,-0.046254,1,1,-1,-0.040648,0.053276,0.426693,0.684056,0.200623,-0.561244,0.420503
1779333512397.499,1,0,0,0.000673,0.112940,0.417981,0.979032,-0.152593,-0.125400,-0.049867,1,1,-1,-0.039821,0.052513,0.425757,0.682208,0.207121,-0.551235,0.433397
1779333512430.832,1,0,0,0.001253,0.112858,0.418147,0.977161,-0.158781,-0.129061,-0.057341,1,1,0,-0.038995,0.051750,0.424821,0.680147,0.213554,-0.541054,0.446156
1779333512464.166,1,0,0,0.001464,0.112585,0.418392,0.975126,-0.170841,-0.132066,-0.050020,1,0,0,-0.042277,0.053249,0.426862,0.661557,0.188176,-0.559918,0.461978
1779333512497.499,1,0,0,0.002703,0.112432,0.418116,0.975800,-0.166726,-0.130831,-0.053849,1,1,-1,-0.041136,0.052595,0.426698,0.660753,0.203339,-0.556986,0.460245
1779333512530.832,1,0,1,0.002215,0.109950,0.419410,0.799221,0.536370,0.204699,-0.177910,1,1,-1,-0.039808,0.051850,0.426438,0.660530,0.220161,-0.552966,0.457666
1779333512564.166,1,0,0,0.000020,0.110329,0.419588,0.869801,0.447570,0.149837,-0.143790,1,1,0,-0.038479,0.051104,0.426178,0.660106,0.236916,-0.548776,0.454946
1779333512597.499,1,0,0,-0.001365,0.112537,0.418553,0.976969,-0.158695,-0.133723,-0.049660,1,0,0,-0.041077,0.052932,0.427533,0.675955,0.207761,-0.578771,0.406134
1779333512630.832,1,0,0,0.000164,0.113024,0.418412,0.972984,-0.176038,-0.131698,-0.070483,1,1,-1,-0.040702,0.052975,0.426902,0.681512,0.202995,-0.565262,0.418107
1779333512664.166,1,0,0,0.001647,0.113449,0.418071,0.975308,-0.170465,-0.128576,-0.056425,1,1,-1,-0.040190,0.052937,0.426182,0.686336,0.199290,-0.549602,0.432625
1779333512697.499,1,0,0,0.000715,0.113418,0.418078,0.975462,-0.174910,-0.130164,-0.030624,1,1,0,-0.039679,0.052899,0.425462,0.690822,0.195486,-0.533671,0.446929
1779333512730.832,1,0,0,0.000166,0.113107,0.418160,0.975089,-0.174916,-0.130906,-0.038342,1,1,0,-0.039430,0.052778,0.425488,0.689722,0.197251,-0.535893,0.445191
1779333512764.166,1,0,0,0.000645,0.113620,0.418081,0.979235,-0.148716,-0.125877,-0.056007,1,1,0,-0.039193,0.052653,0.425546,0.688366,0.199262,-0.538920,0.442732
1779333512797.499,1,0,0,0.001629,0.113646,0.417869,0.981111,-0.134599,-0.127449,-0.055333,1,1,-1,-0.038956,0.052529,0.425605,0.686996,0.201270,-0.541936,0.440264
1779333512830.832,1,0,1,0.000793,0.110116,0.419704,0.786931,0.570081,0.160327,-0.173328,1,1,-1,-0.038718,0.052404,0.425663,0.685611,0.203273,-0.544941,0.437786
1779333512864.166,1,0,0,-0.000502,0.110748,0.419813,0.861711,0.465541,0.113860,-0.166620,1,1,0,-0.038481,0.052280,0.425722,0.684212,0.205272,-0.547934,0.435299
1779333512897.499,1,0,0,0.001082,0.113087,0.418225,0.981665,-0.132241,-0.132100,-0.037370,1,1,0,-0.038244,0.052155,0.425780,0.682799,0.207267,-0.550915,0.432803
1779333512930.832,1,0,0,0.000456,0.113099,0.417715,0.975480,-0.171387,-0.131350,-0.042561,1,1,0,-0.038007,0.052031,0.425838,0.681371,0.209257,-0.553885,0.430298
1779333512964.166,1,0,1,-0.000922,0.110267,0.419640,0.806627,0.547935,0.103408,-0.196027,1,0,0,-0.042263,0.054136,0.427744,0.691993,0.218039,-0.541928,0.424168
1779333512997.499,1,0,0,-0.000331,0.110611,0.419789,0.866518,0.466794,0.062605,-0.165317,1,1,-1,-0.041227,0.053545,0.427332,0.704146,0.211790,-0.522009,0.432238
1779333513030.832,1,0,0,0.011846,0.112146,0.417067,0.982604,-0.133975,-0.118659,-0.049602,1,1,0,-0.039921,0.052817,0.426802,0.715881,0.204651,-0.501392,0.440725
1779333513064.166,1,0,0,0.010411,0.112983,0.417045,0.980759,-0.143813,-0.116914,-0.061318,1,0,0,-0.039313,0.051557,0.425965,0.687783,0.211225,-0.523481,0.456405
1779333513097.499,1,0,0,0.000902,0.114298,0.417892,0.971981,-0.185652,-0.129130,-0.064128,1,0,0,-0.041754,0.053727,0.426259,0.683932,0.206638,-0.547814,0.435244
1779333513130.832,1,0,0,0.002076,0.114292,0.417677,0.975418,-0.174550,-0.125233,-0.049082,1,1,-1,-0.041725,0.053377,0.425929,0.690714,0.200823,-0.544546,0.431339
1779333513164.166,1,0,0,0.002527,0.114198,0.417161,0.982184,-0.149954,-0.110631,-0.024287,1,1,0,-0.041562,0.052889,0.425564,0.697912,0.194960,-0.539821,0.428373
1779333513197.499,1,0,1,-0.000882,0.111708,0.418669,0.763664,0.637608,-0.044538,-0.091048,1,0,0,-0.039016,0.049228,0.425386,0.695901,0.228579,-0.514329,0.446027
1779333513230.832,1,0,1,-0.004832,0.110015,0.420312,0.152239,0.984188,-0.012230,-0.089706,1,0,0,-0.043403,0.049668,0.424044,0.777760,0.194508,-0.409296,0.435582
1779333513264.166,1,0,1,-0.002085,0.111250,0.420209,0.135801,0.987488,-0.053240,-0.059921,1,0,0,-0.045761,0.048825,0.422983,0.853293,0.142585,-0.289047,0.409893
1779333513297.499,1,0,1,0.003238,0.114946,0.417724,0.035972,0.999334,0.001088,-0.006069,1,0,0,-0.050832,0.050319,0.420638,0.826189,0.187129,-0.256086,0.465634
1779333513330.832,1,1,-1,0.003544,0.116197,0.416534,-0.041147,0.995534,0.078025,0.033620,1,0,0,-0.054234,0.048741,0.422545,0.850477,0.163800,-0.289156,0.407734
1779333513364.166,1,1,-1,0.000967,0.114050,0.417945,-0.035458,0.990521,0.127201,0.037822,1,0,0,-0.057435,0.045725,0.426557,0.891966,0.131954,-0.276940,0.332098
1779333513397.499,1,1,-1,-0.001611,0.111904,0.419355,-0.029681,0.983038,0.176059,0.041930,1,0,0,-0.057602,0.045563,0.426773,0.893982,0.130243,-0.276098,0.328027
1779333513430.832,1,1,1,-0.004188,0.109758,0.420765,-0.023830,0.973104,0.224478,0.045933,0,0,-1,0.000000,0.000000,0.000000,0.000000,0.000000,0.000000,0.000000
1779333513464.166,1,1,-1,-0.015554,0.107617,0.424307,-0.020367,0.967056,0.250786,0.038646,0,0,-1,0.000000,0.000000,0.000000,0.000000,0.000000,0.000000,0.000000
1779333513497.499,1,1,1,-0.034310,0.105481,0.429641,-0.018945,0.965507,0.258760,0.021923,0,0,-1,0.000000,0.000000,0.000000,0.000000,0.000000,0.000000,0.000000
1779333513530.832,1,0,1,-0.048057,0.102820,0.434352,0.061861,0.973223,0.219969,-0.024989,0,0,-1,0.000000,0.000000,0.000000,0.000000,0.000000,0.000000,0.000000
1779333513564.166,1,0,1,-0.055453,0.101623,0.438164,0.170643,0.968243,0.162729,-0.083101,0,0,-1,0.000000,0.000000,0.000000,0.000000,0.000000,0.000000,0.000000
1779333513597.499,1,0,1,-0.063869,0.103384,0.442059,0.210461,0.961237,0.144523,-0.104127,0,0,-1,0.000000,0.000000,0.000000,0.000000,0.000000,0.000000,0.000000
1779333513630.832,1,0,1,-0.075956,0.106143,0.445820,0.185353,0.975008,0.073608,-0.097901,0,0,-1,0.000000,0.000000,0.000000,0.000000,0.000000,0.000000,0.000000
1779333513664.166,1,0,1,-0.088687,0.111740,0.449373,0.154236,0.984656,0.017030,-0.079839,0,0,-1,0.000000,0.000000,0.000000,0.000000,0.000000,0.000000,0.000000
1779333513697.499,1,0,1,-0.100291,0.119674,0.452478,0.160598,0.984532,-0.005547,-0.069813,0,0,-1,0.000000,0.000000,0.000000,0.000000,0.000000,0.000000,0.000000
1779333513730.832,1,0,0,-0.112451,0.129924,0.454565,0.832290,0.549563,-0.014285,-0.071200,0,0,-1,0.000000,0.000000,0.000000,0.000000,0.000000,0.000000,0.000000
1779333513764.166,1,0,0,-0.122400,0.139777,0.457619,0.995847,-0.084995,0.003465,-0.032453,0,0,-1,0.000000,0.000000,0.000000,0.000000,0.000000,0.000000,0.000000
1779333513797.499,1,0,1,-0.135064,0.145819,0.464443,0.749691,0.625086,0.208990,-0.059618,0,0,-1,0.000000,0.000000,0.000000,0.000000,0.000000,0.000000,0.000000
1779333513830.832,1,0,0,-0.143710,0.150787,0.468119,0.826628,0.519910,0.193494,-0.094551,0,0,-1,0.000000,0.000000,0.000000,0.000000,0.000000,0.000000,0.000000
1779333513864.166,1,0,0,-0.152009,0.156334,0.469187,0.992707,-0.090408,0.017302,-0.077845,0,0,-1,0.000000,0.000000,0.000000,0.000000,0.000000,0.000000,0.000000
1779333513897.499,1,0,0,-0.165257,0.159975,0.471347,0.995547,-0.070336,0.019103,-0.059781,0,0,-1,0.000000,0.000000,0.000000,0.000000,0.000000,0.000000,0.000000
1779333513930.832,0,0,-1,0.000000,0.000000,0.000000,0.000000,0.000000,0.000000,0.000000,0,0,-1,0.000000,0.000000,0.000000,0.000000,0.000000,0.000000,0.000000
1779333513964.166,0,0,-1,0.000000,0.000000,0.000000,0.000000,0.000000,0.000000,0.000000,0,0,-1,0.000000,0.000000,0.000000,0.000000,0.000000,0.000000,0.000000
1779333513997.499,0,0,-1,0.000000,0.000000,0.000000,0.000000,0.000000,0.000000,0.000000,0,0,-1,0.000000,0.000000,0.000000,0.000000,0.000000,0.000000,0.000000
1779333514030.832,0,0,-1,0.000000,0.000000,0.000000,0.000000,0.000000,0.000000,0.000000,0,0,-1,0.000000,0.000000,0.000000,0.000000,0.000000,0.000000,0.000000
1779333514064.166,0,0,-1,0.000000,0.000000,0.000000,0.000000,0.000000,0.000000,0.000000,0,0,-1,0.000000,0.000000,0.000000,0.000000,0.000000,0.000000,0.000000
1779333514097.499,0,0,-1,0.000000,0.000000,0.000000,0.000000,0.000000,0.000000,0.000000,0,0,-1,0.000000,0.000000,0.000000,0.000000,0.000000,0.000000,0.000000
1779333514130.832,0,0,-1,0.000000,0.000000,0.000000,0.000000,0.000000,0.000000,0.000000,0,0,-1,0.000000,0.000000,0.000000,0.000000,0.000000,0.000000,0.000000
1779333514164.166,0,0,-1,0.000000,0.000000,0.000000,0.000000,0.000000,0.000000,0.000000,0,0,-1,0.000000,0.000000,0.000000,0.000000,0.000000,0.000000,0.000000
1779333514197.499,0,0,-1,0.000000,0.000000,0.000000,0.000000,0.000000,0.000000,0.000000,0,0,-1,0.000000,0.000000,0.000000,0.000000,0.000000,0.000000,0.000000
1779333514230.832,0,0,-1,0.000000,0.000000,0.000000,0.000000,0.000000,0.000000,0.000000,0,0,-1,0.000000,0.000000,0.000000,0.000000,0.000000,0.000000,0.000000
1779333514264.166,0,0,-1,0.000000,0.000000,0.000000,0.000000,0.000000,0.000000,0.000000,0,0,-1,0.000000,0.000000,0.000000,0.000000,0.000000,0.000000,0.000000
1779333514297.499,0,0,-1,0.000000,0.000000,0.000000,0.000000,0.000000,0.000000,0.000000,0,0,-1,0.000000,0.000000,0.000000,0.000000,0.000000,0.000000,0.000000
1779333514330.832,0,0,-1,0.000000,0.000000,0.000000,0.000000,0.000000,0.000000,0.000000,0,0,-1,0.000000,0.000000,0.000000,0.000000,0.000000,0.000000,0.000000
1779333514364.166,0,0,-1,0.000000,0.000000,0.000000,0.000000,0.000000,0.000000,0.000000,0,0,-1,0.000000,0.000000,0.000000,0.000000,0.000000,0.000000,0.000000
1779333514397.499,0,0,-1,0.000000,0.000000,0.000000,0.000000,0.000000,0.000000,0.000000,0,0,-1,0.000000,0.000000,0.000000,0.000000,0.000000,0.000000,0.000000
1779333514430.832,0,0,-1,0.000000,0.000000,0.000000,0.000000,0.000000,0.000000,0.000000,0,0,-1,0.000000,0.000000,0.000000,0.000000,0.000000,0.000000,0.000000
1779333514464.166,0,0,-1,0.000000,0.000000,0.000000,0.000000,0.000000,0.000000,0.000000,0,0,-1,0.000000,0.000000,0.000000,0.000000,0.000000,0.000000,0.000000
1779333514497.499,0,0,-1,0.000000,0.000000,0.000000,0.000000,0.000000,0.000000,0.000000,0,0,-1,0.000000,0.000000,0.000000,0.000000,0.000000,0.000000,0.000000
1779333514530.832,0,0,-1,0.000000,0.000000,0.000000,0.000000,0.000000,0.000000,0.000000,0,0,-1,0.000000,0.000000,0.000000,0.000000,0.000000,0.000000,0.000000
1779333514564.166,0,0,-1,0.000000,0.000000,0.000000,0.000000,0.000000,0.000000,0.000000,0,0,-1,0.000000,0.000000,0.000000,0.000000,0.000000,0.000000,0.000000
1779333514597.499,0,0,-1,0.000000,0.000000,0.000000,0.000000,0.000000,0.000000,0.000000,0,0,-1,0.000000,0.000000,0.000000,0.000000,0.000000,0.000000,0.000000
1779333514630.832,0,0,-1,0.000000,0.000000,0.000000,0.000000,0.000000,0.000000,0.000000,0,0,-1,0.000000,0.000000,0.000000,0.000000,0.000000,0.000000,0.000000
1779333514664.166,0,0,-1,0.000000,0.000000,0.000000,0.000000,0.000000,0.000000,0.000000,0,0,-1,0.000000,0.000000,0.000000,0.000000,0.000000,0.000000,0.000000
1779333514697.499,0,0,-1,0.000000,0.000000,0.000000,0.000000,0.000000,0.000000,0.000000,0,0,-1,0.000000,0.000000,0.000000,0.000000,0.000000,0.000000,0.000000
1779333514730.832,0,0,-1,0.000000,0.000000,0.000000,0.000000,0.000000,0.000000,0.000000,0,0,-1,0.000000,0.000000,0.000000,0.000000,0.000000,0.000000,0.000000
1779333514764.166,0,0,-1,0.000000,0.000000,0.000000,0.000000,0.000000,0.000000,0.000000,0,0,-1,0.000000,0.000000,0.000000,0.000000,0.000000,0.000000,0.000000
1779333514797.499,0,0,-1,0.000000,0.000000,0.000000,0.000000,0.000000,0.000000,0.000000,0,0,-1,0.000000,0.000000,0.000000,0.000000,0.000000,0.000000,0.000000
1779333514830.832,0,0,-1,0.000000,0.000000,0.000000,0.000000,0.000000,0.000000,0.000000,0,0,-1,0.000000,0.000000,0.000000,0.000000,0.000000,0.000000,0.000000
1779333514864.166,0,0,-1,0.000000,0.000000,0.000000,0.000000,0.000000,0.000000,0.000000,0,0,-1,0.000000,0.000000,0.000000,0.000000,0.000000,0.000000,0.000000
1779333514897.499,0,0,-1,-0.475765,0.066156,0.444424,0.167296,0.959654,0.220268,-0.050581,0,0,-1,0.000000,0.000000,0.000000,0.000000,0.000000,0.000000,0.000000
1779333514930.832,0,0,-1,-0.488447,0.068387,0.441548,0.161052,0.961452,0.215372,-0.057333,0,0,-1,0.000000,0.000000,0.000000,0.000000,0.000000,0.000000,0.000000
1779333514964.166,0,0,-1,-0.501129,0.070619,0.438673,0.154790,0.963143,0.210452,-0.064079,0,0,-1,0.000000,0.000000,0.000000,0.000000,0.000000,0.000000,0.000000
1779333514997.499,0,0,-1,-0.513811,0.072851,0.435798,0.148511,0.964726,0.205508,-0.070818,0,0,-1,0.000000,0.000000,0.000000,0.000000,0.000000,0.000000,0.000000
1779333515030.832,0,0,-1,-0.526493,0.075082,0.432923,0.142215,0.966201,0.200541,-0.077549,0,0,-1,0.000000,0.000000,0.000000,0.000000,0.000000,0.000000,0.000000
1779333515064.166,0,0,-1,-0.539175,0.077314,0.430048,0.135904,0.967568,0.195551,-0.084271,0,0,-1,0.000000,0.000000,0.000000,0.000000,0.000000,0.000000,0.000000
1779333515097.499,0,0,-1,-0.551856,0.079546,0.427173,0.129577,0.968827,0.190540,-0.090984,0,0,-1,0.000000,0.000000,0.000000,0.000000,0.000000,0.000000,0.000000
1779333515130.832,0,0,-1,-0.564538,0.081777,0.424298,0.123235,0.969978,0.185508,-0.097686,0,0,-1,0.000000,0.000000,0.000000,0.000000,0.000000,0.000000,0.000000
1779333515164.166,0,0,-1,-0.577220,0.084009,0.421423,0.116880,0.971020,0.180454,-0.104378,0,0,-1,0.000000,0.000000,0.000000,0.000000,0.000000,0.000000,0.000000
1779333515197.499,0,0,1,-0.589902,0.086241,0.418548,0.110512,0.971954,0.175381,-0.111058,0,0,-1,0.000000,0.000000,0.000000,0.000000,0.000000,0.000000,0.000000
1779333515230.832,0,0,1,-0.595750,0.087270,0.417222,0.107571,0.972347,0.173035,-0.114134,0,0,-1,0.000000,0.000000,0.000000,0.000000,0.000000,0.000000,0.000000
1779333515264.166,0,0,-1,0.000000,0.000000,0.000000,0.000000,0.000000,0.000000,0.000000,0,0,-1,0.000000,0.000000,0.000000,0.000000,0.000000,0.000000,0.000000
1779333515297.499,0,0,-1,0.000000,0.000000,0.000000,0.000000,0.000000,0.000000,0.000000,0,0,-1,0.000000,0.000000,0.000000,0.000000,0.000000,0.000000,0.000000
1779333515330.832,0,0,-1,0.000000,0.000000,0.000000,0.000000,0.000000,0.000000,0.000000,0,0,-1,0.000000,0.000000,0.000000,0.000000,0.000000,0.000000,0.000000
1779333515364.166,0,0,-1,0.000000,0.000000,0.000000,0.000000,0.000000,0.000000,0.000000,0,0,-1,0.000000,0.000000,0.000000,0.000000,0.000000,0.000000,0.000000
1779333515397.499,0,0,-1,0.000000,0.000000,0.000000,0.000000,0.000000,0.000000,0.000000,0,0,-1,0.000000,0.000000,0.000000,0.000000,0.000000,0.000000,0.000000
1779333515430.832,0,0,-1,0.000000,0.000000,0.000000,0.000000,0.000000,0.000000,0.000000,0,0,-1,0.000000,0.000000,0.000000,0.000000,0.000000,0.000000,0.000000
1779333515464.166,0,0,-1,0.000000,0.000000,0.000000,0.000000,0.000000,0.000000,0.000000,0,0,-1,0.000000,0.000000,0.000000,0.000000,0.000000,0.000000,0.000000
1779333515497.499,0,0,-1,0.000000,0.000000,0.000000,0.000000,0.000000,0.000000,0.000000,0,0,-1,0.000000,0.000000,0.000000,0.000000,0.000000,0.000000,0.000000
1779333515530.832,0,0,-1,0.000000,0.000000,0.000000,0.000000,0.000000,0.000000,0.000000,0,0,-1,0.000000,0.000000,0.000000,0.000000,0.000000,0.000000,0.000000
1779333515564.166,0,0,-1,0.000000,0.000000,0.000000,0.000000,0.000000,0.000000,0.000000,0,0,-1,0.000000,0.000000,0.000000,0.000000,0.000000,0.000000,0.000000
1779333515597.499,0,0,-1,0.000000,0.000000,0.000000,0.000000,0.000000,0.000000,0.000000,0,0,-1,0.000000,0.000000,0.000000,0.000000,0.000000,0.000000,0.000000
1779333515630.832,0,0,-1,0.000000,0.000000,0.000000,0.000000,0.000000,0.000000,0.000000,0,0,-1,0.000000,0.000000,0.000000,0.000000,0.000000,0.000000,0.000000
1779333515664.166,0,0,-1,0.000000,0.000000,0.000000,0.000000,0.000000,0.000000,0.000000,0,0,-1,0.000000,0.000000,0.000000,0.000000,0.000000,0.000000,0.000000
1779333515697.499,0,0,-1,0.000000,0.000000,0.000000,0.000000,0.000000,0.000000,0.000000,0,0,-1,0.000000,0.000000,0.000000,0.000000,0.000000,0.000000,0.000000
1779333515730.832,0,0,-1,0.000000,0.000000,0.000000,0.000000,0.000000,0.000000,0.000000,0,0,-1,0.000000,0.000000,0.000000,0.000000,0.000000,0.000000,0.000000
1779333515764.166,0,0,-1,0.000000,0.000000,0.000000,0.000000,0.000000,0.000000,0.000000,0,0,-1,0.000000,0.000000,0.000000,0.000000,0.000000,0.000000,0.000000
1779333515797.499,0,0,-1,0.000000,0.000000,0.000000,0.000000,0.000000,0.000000,0.000000,0,0,-1,0.000000,0.000000,0.000000,0.000000,0.000000,0.000000,0.000000
1779333515830.832,0,0,-1,0.000000,0.000000,0.000000,0.000000,0.000000,0.000000,0.000000,0,0,-1,0.000000,0.000000,0.000000,0.000000,0.000000,0.000000,0.000000
1779333515864.166,0,0,-1,0.000000,0.000000,0.000000,0.000000,0.000000,0.000000,0.000000,0,0,-1,0.000000,0.000000,0.000000,0.000000,0.000000,0.000000,0.000000
1779333515897.499,0,0,-1,0.000000,0.000000,0.000000,0.000000,0.000000,0.000000,0.000000,0,0,-1,0.000000,0.000000,0.000000,0.000000,0.000000,0.000000,0.000000
1779333515930.832,0,0,-1,0.000000,0.000000,0.000000,0.000000,0.000000,0.000000,0.000000,0,0,-1,0.000000,0.000000,0.000000,0.000000,0.000000,0.000000,0.000000
1779333515964.166,0,0,-1,0.000000,0.000000,0.000000,0.000000,0.000000,0.000000,0.000000,0,0,-1,0.000000,0.000000,0.000000,0.000000,0.000000,0.000000,0.000000
1779333515997.499,0,0,-1,0.000000,0.000000,0.000000,0.000000,0.000000,0.000000,0.000000,0,0,-1,0.000000,0.000000,0.000000,0.000000,0.000000,0.000000,0.000000
1779333516030.832,0,0,-1,0.000000,0.000000,0.000000,0.000000,0.000000,0.000000,0.000000,0,0,-1,0.000000,0.000000,0.000000,0.000000,0.000000,0.000000,0.000000
1779333516064.166,0,0,-1,0.000000,0.000000,0.000000,0.000000,0.000000,0.000000,0.000000,0,0,-1,0.000000,0.000000,0.000000,0.000000,0.000000,0.000000,0.000000
1779333516097.499,0,0,-1,0.000000,0.000000,0.000000,0.000000,0.000000,0.000000,0.000000,0,0,-1,0.000000,0.000000,0.000000,0.000000,0.000000,0.000000,0.000000
1779333516130.832,0,0,-1,0.000000,0.000000,0.000000,0.000000,0.000000,0.000000,0.000000,0,0,-1,0.000000,0.000000,0.000000,0.000000,0.000000,0.000000,0.000000
1779333516164.166,0,0,-1,0.000000,0.000000,0.000000,0.000000,0.000000,0.000000,0.000000,0,0,-1,0.000000,0.000000,0.000000,0.000000,0.000000,0.000000,0.000000
1779333516197.499,0,0,-1,0.000000,0.000000,0.000000,0.000000,0.000000,0.000000,0.000000,0,0,-1,0.000000,0.000000,0.000000,0.000000,0.000000,0.000000,0.000000
1779333516230.832,0,0,-1,0.000000,0.000000,0.000000,0.000000,0.000000,0.000000,0.000000,0,0,-1,0.000000,0.000000,0.000000,0.000000,0.000000,0.000000,0.000000
1779333516264.166,0,0,-1,0.000000,0.000000,0.000000,0.000000,0.000000,0.000000,0.000000,0,0,-1,0.000000,0.000000,0.000000,0.000000,0.000000,0.000000,0.000000
1779333516297.499,0,0,-1,0.000000,0.000000,0.000000,0.000000,0.000000,0.000000,0.000000,0,0,-1,0.000000,0.000000,0.000000,0.000000,0.000000,0.000000,0.000000
1779333516330.832,0,0,-1,0.000000,0.000000,0.000000,0.000000,0.000000,0.000000,0.000000,0,0,-1,0.000000,0.000000,0.000000,0.000000,0.000000,0.000000,0.000000
1779333516364.166,0,0,-1,0.000000,0.000000,0.000000,0.000000,0.000000,0.000000,0.000000,0,0,-1,0.000000,0.000000,0.000000,0.000000,0.000000,0.000000,0.000000
1779333516397.499,0,0,-1,0.000000,0.000000,0.000000,0.000000,0.000000,0.000000,0.000000,0,0,-1,0.000000,0.000000,0.000000,0.000000,0.000000,0.000000,0.000000
1779333516430.832,0,0,-1,0.000000,0.000000,0.000000,0.000000,0.000000,0.000000,0.000000,0,0,-1,0.000000,0.000000,0.000000,0.000000,0.000000,0.000000,0.000000
1779333516464.166,0,0,-1,0.000000,0.000000,0.000000,0.000000,0.000000,0.000000,0.000000,0,0,-1,0.000000,0.000000,0.000000,0.000000,0.000000,0.000000,0.000000
1779333516497.499,0,0,-1,0.000000,0.000000,0.000000,0.000000,0.000000,0.000000,0.000000,0,0,-1,0.000000,0.000000,0.000000,0.000000,0.000000,0.000000,0.000000
1779333516530.832,0,0,-1,0.000000,0.000000,0.000000,0.000000,0.000000,0.000000,0.000000,0,0,-1,0.000000,0.000000,0.000000,0.000000,0.000000,0.000000,0.000000
1779333516564.166,0,0,-1,0.000000,0.000000,0.000000,0.000000,0.000000,0.000000,0.000000,0,0,-1,0.000000,0.000000,0.000000,0.000000,0.000000,0.000000,0.000000
1779333516597.499,0,0,-1,0.000000,0.000000,0.000000,0.000000,0.000000,0.000000,0.000000,0,0,-1,0.000000,0.000000,0.000000,0.000000,0.000000,0.000000,0.000000
1779333516630.832,0,0,-1,0.000000,0.000000,0.000000,0.000000,0.000000,0.000000,0.000000,0,0,-1,0.000000,0.000000,0.000000,0.000000,0.000000,0.000000,0.000000
1779333516664.166,0,0,-1,0.000000,0.000000,0.000000,0.000000,0.000000,0.000000,0.000000,0,0,-1,0.000000,0.000000,0.000000,0.000000,0.000000,0.000000,0.000000
1779333516697.499,0,0,-1,0.000000,0.000000,0.000000,0.000000,0.000000,0.000000,0.000000,0,0,-1,0.000000,0.000000,0.000000,0.000000,0.000000,0.000000,0.000000
1779333516730.832,0,0,-1,0.000000,0.000000,0.000000,0.000000,0.000000,0.000000,0.000000,0,0,-1,0.000000,0.000000,0.000000,0.000000,0.000000,0.000000,0.000000
1779333516764.166,0,0,-1,0.000000,0.000000,0.000000,0.000000,0.000000,0.000000,0.000000,0,0,-1,0.000000,0.000000,0.000000,0.000000,0.000000,0.000000,0.000000
1779333516797.499,0,0,-1,0.000000,0.000000,0.000000,0.000000,0.000000,0.000000,0.000000,0,0,-1,0.000000,0.000000,0.000000,0.000000,0.000000,0.000000,0.000000
1779333516830.832,0,0,-1,0.000000,0.000000,0.000000,0.000000,0.000000,0.000000,0.000000,0,0,-1,0.000000,0.000000,0.000000,0.000000,0.000000,0.000000,0.000000
1779333516864.166,0,0,-1,0.000000,0.000000,0.000000,0.000000,0.000000,0.000000,0.000000,0,0,-1,0.000000,0.000000,0.000000,0.000000,0.000000,0.000000,0.000000
1779333516897.499,0,0,-1,0.000000,0.000000,0.000000,0.000000,0.000000,0.000000,0.000000,0,0,-1,0.000000,0.000000,0.000000,0.000000,0.000000,0.000000,0.000000
1779333516930.832,0,0,-1,0.000000,0.000000,0.000000,0.000000,0.000000,0.000000,0.000000,0,0,-1,0.000000,0.000000,0.000000,0.000000,0.000000,0.000000,0.000000
1779333516964.166,0,0,-1,0.000000,0.000000,0.000000,0.000000,0.000000,0.000000,0.000000,0,0,-1,0.000000,0.000000,0.000000,0.000000,0.000000,0.000000,0.000000
1779333516997.499,0,0,-1,0.000000,0.000000,0.000000,0.000000,0.000000,0.000000,0.000000,0,0,-1,0.000000,0.000000,0.000000,0.000000,0.000000,0.000000,0.000000
1779333517030.832,0,0,-1,0.000000,0.000000,0.000000,0.000000,0.000000,0.000000,0.000000,0,0,-1,0.000000,0.000000,0.000000,0.000000,0.000000,0.000000,0.000000
1779333517064.166,0,0,-1,0.000000,0.000000,0.000000,0.000000,0.000000,0.000000,0.000000,0,0,-1,0.000000,0.000000,0.000000,0.000000,0.000000,0.000000,0.000000
1779333517097.499,0,0,-1,0.000000,0.000000,0.000000,0.000000,0.000000,0.000000,0.000000,0,0,-1,0.000000,0.000000,0.000000,0.000000,0.000000,0.000000,0.000000
1779333517130.832,0,0,-1,0.000000,0.000000,0.000000,0.000000,0.000000,0.000000,0.000000,0,0,-1,0.000000,0.000000,0.000000,0.000000,0.000000,0.000000,0.000000
1779333517164.166,0,0,-1,0.000000,0.000000,0.000000,0.000000,0.000000,0.000000,0.000000,0,0,-1,0.000000,0.000000,0.000000,0.000000,0.000000,0.000000,0.000000
1779333517197.499,0,0,-1,0.000000,0.000000,0.000000,0.000000,0.000000,0.000000,0.000000,0,0,-1,0.000000,0.000000,0.000000,0.000000,0.000000,0.000000,0.000000
1779333517230.832,0,0,-1,0.000000,0.000000,0.000000,0.000000,0.000000,0.000000,0.000000,0,0,-1,0.000000,0.000000,0.000000,0.000000,0.000000,0.000000,0.000000
1779333517264.166,0,0,-1,0.000000,0.000000,0.000000,0.000000,0.000000,0.000000,0.000000,0,0,-1,0.000000,0.000000,0.000000,0.000000,0.000000,0.000000,0.000000
1779333517297.499,0,0,-1,0.000000,0.000000,0.000000,0.000000,0.000000,0.000000,0.000000,0,0,-1,0.000000,0.000000,0.000000,0.000000,0.000000,0.000000,0.000000
1779333517330.832,0,0,-1,0.000000,0.000000,0.000000,0.000000,0.000000,0.000000,0.000000,0,0,-1,0.000000,0.000000,0.000000,0.000000,0.000000,0.000000,0.000000
1779333517364.166,0,0,-1,0.000000,0.000000,0.000000,0.000000,0.000000,0.000000,0.000000,0,0,-1,0.000000,0.000000,0.000000,0.000000,0.000000,0.000000,0.000000
1779333517397.499,0,0,-1,0.000000,0.000000,0.000000,0.000000,0.000000,0.000000,0.000000,0,0,-1,0.000000,0.000000,0.000000,0.000000,0.000000,0.000000,0.000000
1779333517430.832,0,0,-1,0.000000,0.000000,0.000000,0.000000,0.000000,0.000000,0.000000,0,0,-1,0.000000,0.000000,0.000000,0.000000,0.000000,0.000000,0.000000
1779333517464.166,0,0,-1,0.000000,0.000000,0.000000,0.000000,0.000000,0.000000,0.000000,0,0,-1,0.000000,0.000000,0.000000,0.000000,0.000000,0.000000,0.000000
1779333517497.499,0,0,-1,0.000000,0.000000,0.000000,0.000000,0.000000,0.000000,0.000000,0,0,-1,0.000000,0.000000,0.000000,0.000000,0.000000,0.000000,0.000000
1779333517530.832,0,0,-1,0.000000,0.000000,0.000000,0.000000,0.000000,0.000000,0.000000,0,0,-1,0.000000,0.000000,0.000000,0.000000,0.000000,0.000000,0.000000
1779333517564.166,0,0,-1,0.000000,0.000000,0.000000,0.000000,0.000000,0.000000,0.000000,0,0,-1,0.000000,0.000000,0.000000,0.000000,0.000000,0.000000,0.000000
1779333517597.499,0,0,-1,0.000000,0.000000,0.000000,0.000000,0.000000,0.000000,0.000000,0,0,-1,0.000000,0.000000,0.000000,0.000000,0.000000,0.000000,0.000000
1779333517630.832,0,0,-1,0.000000,0.000000,0.000000,0.000000,0.000000,0.000000,0.000000,0,0,-1,0.000000,0.000000,0.000000,0.000000,0.000000,0.000000,0.000000
1779333517664.166,0,0,-1,0.000000,0.000000,0.000000,0.000000,0.000000,0.000000,0.000000,0,0,-1,0.000000,0.000000,0.000000,0.000000,0.000000,0.000000,0.000000
1779333517697.499,0,0,-1,0.000000,0.000000,0.000000,0.000000,0.000000,0.000000,0.000000,0,0,-1,0.000000,0.000000,0.000000,0.000000,0.000000,0.000000,0.000000
1779333517730.832,0,0,-1,0.000000,0.000000,0.000000,0.000000,0.000000,0.000000,0.000000,0,0,-1,0.000000,0.000000,0.000000,0.000000,0.000000,0.000000,0.000000
1779333517764.166,0,0,-1,0.000000,0.000000,0.000000,0.000000,0.000000,0.000000,0.000000,0,0,-1,0.000000,0.000000,0.000000,0.000000,0.000000,0.000000,0.000000
1779333517797.499,0,0,-1,0.000000,0.000000,0.000000,0.000000,0.000000,0.000000,0.000000,0,0,-1,0.000000,0.000000,0.000000,0.000000,0.000000,0.000000,0.000000
1779333517830.832,0,0,-1,0.000000,0.000000,0.000000,0.000000,0.000000,0.000000,0.000000,0,0,-1,0.000000,0.000000,0.000000,0.000000,0.000000,0.000000,0.000000
1779333517864.166,0,0,-1,0.000000,0.000000,0.000000,0.000000,0.000000,0.000000,0.000000,0,0,-1,0.000000,0.000000,0.000000,0.000000,0.000000,0.000000,0.000000
1779333517897.499,0,0,-1,0.000000,0.000000,0.000000,0.000000,0.000000,0.000000,0.000000,0,0,-1,0.000000,0.000000,0.000000,0.000000,0.000000,0.000000,0.000000
1779333517930.832,0,0,-1,0.000000,0.000000,0.000000,0.000000,0.000000,0.000000,0.000000,0,0,-1,0.000000,0.000000,0.000000,0.000000,0.000000,0.000000,0.000000
1779333517964.166,0,0,-1,0.000000,0.000000,0.000000,0.000000,0.000000,0.000000,0.000000,0,0,-1,0.000000,0.000000,0.000000,0.000000,0.000000,0.000000,0.000000
1779333517997.499,0,0,-1,0.000000,0.000000,0.000000,0.000000,0.000000,0.000000,0.000000,0,0,-1,0.000000,0.000000,0.000000,0.000000,0.000000,0.000000,0.000000
1779333518030.832,0,0,-1,0.000000,0.000000,0.000000,0.000000,0.000000,0.000000,0.000000,0,0,-1,0.000000,0.000000,0.000000,0.000000,0.000000,0.000000,0.000000
1779333518064.166,0,0,-1,0.000000,0.000000,0.000000,0.000000,0.000000,0.000000,0.000000,0,0,-1,0.000000,0.000000,0.000000,0.000000,0.000000,0.000000,0.000000
1779333518097.499,0,0,-1,0.000000,0.000000,0.000000,0.000000,0.000000,0.000000,0.000000,0,0,-1,0.000000,0.000000,0.000000,0.000000,0.000000,0.000000,0.000000
1779333518130.832,0,0,-1,0.000000,0.000000,0.000000,0.000000,0.000000,0.000000,0.000000,0,0,-1,0.000000,0.000000,0.000000,0.000000,0.000000,0.000000,0.000000
1779333518164.166,0,0,-1,0.000000,0.000000,0.000000,0.000000,0.000000,0.000000,0.000000,0,0,-1,0.000000,0.000000,0.000000,0.000000,0.000000,0.000000,0.000000
1779333518197.499,0,0,-1,0.000000,0.000000,0.000000,0.000000,0.000000,0.000000,0.000000,0,0,-1,0.000000,0.000000,0.000000,0.000000,0.000000,0.000000,0.000000
1779333518230.832,0,0,-1,0.000000,0.000000,0.000000,0.000000,0.000000,0.000000,0.000000,0,0,-1,0.000000,0.000000,0.000000,0.000000,0.000000,0.000000,0.000000
1779333518264.166,0,0,-1,0.000000,0.000000,0.000000,0.000000,0.000000,0.000000,0.000000,0,0,-1,0.000000,0.000000,0.000000,0.000000,0.000000,0.000000,0.000000
1779333518297.499,0,0,-1,0.000000,0.000000,0.000000,0.000000,0.000000,0.000000,0.000000,0,0,-1,0.000000,0.000000,0.000000,0.000000,0.000000,0.000000,0.000000
1779333518330.832,0,0,-1,0.000000,0.000000,0.000000,0.000000,0.000000,0.000000,0.000000,0,0,-1,0.000000,0.000000,0.000000,0.000000,0.000000,0.000000,0.000000
1779333518364.166,0,0,-1,0.000000,0.000000,0.000000,0.000000,0.000000,0.000000,0.000000,0,0,-1,0.000000,0.000000,0.000000,0.000000,0.000000,0.000000,0.000000
1779333518397.499,0,0,-1,0.000000,0.000000,0.000000,0.000000,0.000000,0.000000,0.000000,0,0,-1,0.000000,0.000000,0.000000,0.000000,0.000000,0.000000,0.000000
1779333518430.832,0,0,-1,0.000000,0.000000,0.000000,0.000000,0.000000,0.000000,0.000000,0,0,-1,0.000000,0.000000,0.000000,0.000000,0.000000,0.000000,0.000000
1779333518464.166,0,0,-1,0.000000,0.000000,0.000000,0.000000,0.000000,0.000000,0.000000,0,0,-1,0.000000,0.000000,0.000000,0.000000,0.000000,0.000000,0.000000
1779333518497.499,0,0,-1,0.000000,0.000000,0.000000,0.000000,0.000000,0.000000,0.000000,0,0,-1,0.000000,0.000000,0.000000,0.000000,0.000000,0.000000,0.000000
1779333518530.832,0,0,-1,0.000000,0.000000,0.000000,0.000000,0.000000,0.000000,0.000000,0,0,-1,0.000000,0.000000,0.000000,0.000000,0.000000,0.000000,0.000000
1779333518564.166,0,0,-1,0.000000,0.000000,0.000000,0.000000,0.000000,0.000000,0.000000,0,0,-1,0.000000,0.000000,0.000000,0.000000,0.000000,0.000000,0.000000
1779333518597.499,0,0,-1,0.000000,0.000000,0.000000,0.000000,0.000000,0.000000,0.000000,0,0,-1,0.000000,0.000000,0.000000,0.000000,0.000000,0.000000,0.000000
1779333518630.832,0,0,-1,0.000000,0.000000,0.000000,0.000000,0.000000,0.000000,0.000000,0,0,-1,0.000000,0.000000,0.000000,0.000000,0.000000,0.000000,0.000000
1779333518664.166,0,0,-1,0.000000,0.000000,0.000000,0.000000,0.000000,0.000000,0.000000,0,0,-1,0.000000,0.000000,0.000000,0.000000,0.000000,0.000000,0.000000
1779333518697.499,0,0,-1,0.000000,0.000000,0.000000,0.000000,0.000000,0.000000,0.000000,0,0,-1,0.000000,0.000000,0.000000,0.000000,0.000000,0.000000,0.000000
1779333518730.832,0,0,-1,0.000000,0.000000,0.000000,0.000000,0.000000,0.000000,0.000000,0,0,-1,0.000000,0.000000,0.000000,0.000000,0.000000,0.000000,0.000000
1779333518764.166,0,0,-1,0.000000,0.000000,0.000000,0.000000,0.000000,0.000000,0.000000,0,0,-1,0.000000,0.000000,0.000000,0.000000,0.000000,0.000000,0.000000
1779333518797.499,0,0,-1,0.000000,0.000000,0.000000,0.000000,0.000000,0.000000,0.000000,0,0,-1,0.000000,0.000000,0.000000,0.000000,0.000000,0.000000,0.000000
1779333518830.832,0,0,-1,0.000000,0.000000,0.000000,0.000000,0.000000,0.000000,0.000000,0,0,-1,0.000000,0.000000,0.000000,0.000000,0.000000,0.000000,0.000000
1779333518864.166,0,0,-1,0.000000,0.000000,0.000000,0.000000,0.000000,0.000000,0.000000,0,0,-1,0.000000,0.000000,0.000000,0.000000,0.000000,0.000000,0.000000
1779333518897.499,0,0,-1,0.000000,0.000000,0.000000,0.000000,0.000000,0.000000,0.000000,0,0,-1,0.000000,0.000000,0.000000,0.000000,0.000000,0.000000,0.000000
1779333518930.832,0,0,-1,0.000000,0.000000,0.000000,0.000000,0.000000,0.000000,0.000000,0,0,-1,0.000000,0.000000,0.000000,0.000000,0.000000,0.000000,0.000000
1779333518964.166,0,0,-1,0.000000,0.000000,0.000000,0.000000,0.000000,0.000000,0.000000,0,0,-1,0.000000,0.000000,0.000000,0.000000,0.000000,0.000000,0.000000
1779333518997.499,0,0,-1,0.000000,0.000000,0.000000,0.000000,0.000000,0.000000,0.000000,0,0,-1,0.000000,0.000000,0.000000,0.000000,0.000000,0.000000,0.000000
1779333519030.832,0,0,-1,0.000000,0.000000,0.000000,0.000000,0.000000,0.000000,0.000000,0,0,-1,0.000000,0.000000,0.000000,0.000000,0.000000,0.000000,0.000000
1779333519064.166,0,0,-1,0.000000,0.000000,0.000000,0.000000,0.000000,0.000000,0.000000,0,0,-1,0.000000,0.000000,0.000000,0.000000,0.000000,0.000000,0.000000
1779333519097.499,0,0,-1,0.000000,0.000000,0.000000,0.000000,0.000000,0.000000,0.000000,0,0,-1,0.000000,0.000000,0.000000,0.000000,0.000000,0.000000,0.000000
1779333519130.832,0,0,-1,0.000000,0.000000,0.000000,0.000000,0.000000,0.000000,0.000000,0,0,-1,0.000000,0.000000,0.000000,0.000000,0.000000,0.000000,0.000000
1779333519164.166,0,0,-1,0.000000,0.000000,0.000000,0.000000,0.000000,0.000000,0.000000,0,0,-1,0.000000,0.000000,0.000000,0.000000,0.000000,0.000000,0.000000
1779333519197.499,0,0,-1,0.000000,0.000000,0.000000,0.000000,0.000000,0.000000,0.000000,0,0,-1,0.000000,0.000000,0.000000,0.000000,0.000000,0.000000,0.000000
1779333519230.832,0,0,-1,0.000000,0.000000,0.000000,0.000000,0.000000,0.000000,0.000000,0,0,-1,0.000000,0.000000,0.000000,0.000000,0.000000,0.000000,0.000000
1779333519264.166,0,0,-1,0.000000,0.000000,0.000000,0.000000,0.000000,0.000000,0.000000,0,0,-1,0.000000,0.000000,0.000000,0.000000,0.000000,0.000000,0.000000
1779333519297.499,0,0,-1,0.000000,0.000000,0.000000,0.000000,0.000000,0.000000,0.000000,0,0,-1,0.000000,0.000000,0.000000,0.000000,0.000000,0.000000,0.000000
1779333519330.832,0,0,-1,0.000000,0.000000,0.000000,0.000000,0.000000,0.000000,0.000000,0,0,-1,0.000000,0.000000,0.000000,0.000000,0.000000,0.000000,0.000000
1779333519364.166,0,0,-1,0.000000,0.000000,0.000000,0.000000,0.000000,0.000000,0.000000,0,0,-1,0.000000,0.000000,0.000000,0.000000,0.000000,0.000000,0.000000
1779333519397.499,0,0,-1,0.000000,0.000000,0.000000,0.000000,0.000000,0.000000,0.000000,0,0,-1,0.000000,0.000000,0.000000,0.000000,0.000000,0.000000,0.000000
1779333519430.832,0,0,-1,0.000000,0.000000,0.000000,0.000000,0.000000,0.000000,0.000000,0,0,-1,0.000000,0.000000,0.000000,0.000000,0.000000,0.000000,0.000000
1779333519464.166,0,0,-1,0.000000,0.000000,0.000000,0.000000,0.000000,0.000000,0.000000,0,0,-1,0.000000,0.000000,0.000000,0.000000,0.000000,0.000000,0.000000
1779333519497.499,0,0,-1,0.000000,0.000000,0.000000,0.000000,0.000000,0.000000,0.000000,0,0,-1,0.000000,0.000000,0.000000,0.000000,0.000000,0.000000,0.000000
1779333519530.832,0,0,-1,0.000000,0.000000,0.000000,0.000000,0.000000,0.000000,0.000000,0,0,-1,0.000000,0.000000,0.000000,0.000000,0.000000,0.000000,0.000000
1779333519564.166,0,0,-1,0.000000,0.000000,0.000000,0.000000,0.000000,0.000000,0.000000,0,0,-1,0.000000,0.000000,0.000000,0.000000,0.000000,0.000000,0.000000
1779333519597.499,0,0,-1,0.000000,0.000000,0.000000,0.000000,0.000000,0.000000,0.000000,0,0,-1,0.000000,0.000000,0.000000,0.000000,0.000000,0.000000,0.000000
1779333519630.832,0,0,-1,0.000000,0.000000,0.000000,0.000000,0.000000,0.000000,0.000000,0,0,-1,0.000000,0.000000,0.000000,0.000000,0.000000,0.000000,0.000000
1779333519664.166,0,0,-1,0.000000,0.000000,0.000000,0.000000,0.000000,0.000000,0.000000,0,0,-1,0.000000,0.000000,0.000000,0.000000,0.000000,0.000000,0.000000
1779333519697.499,0,0,-1,0.000000,0.000000,0.000000,0.000000,0.000000,0.000000,0.000000,0,0,-1,0.000000,0.000000,0.000000,0.000000,0.000000,0.000000,0.000000
1779333519730.832,0,0,-1,0.000000,0.000000,0.000000,0.000000,0.000000,0.000000,0.000000,0,0,-1,0.000000,0.000000,0.000000,0.000000,0.000000,0.000000,0.000000
1779333519764.166,0,0,-1,0.000000,0.000000,0.000000,0.000000,0.000000,0.000000,0.000000,0,0,-1,0.000000,0.000000,0.000000,0.000000,0.000000,0.000000,0.000000
1779333519797.499,0,0,-1,0.000000,0.000000,0.000000,0.000000,0.000000,0.000000,0.000000,0,0,-1,0.000000,0.000000,0.000000,0.000000,0.000000,0.000000,0.000000
1779333519830.832,0,0,-1,0.000000,0.000000,0.000000,0.000000,0.000000,0.000000,0.000000,0,0,-1,0.000000,0.000000,0.000000,0.000000,0.000000,0.000000,0.000000
1779333519864.166,0,0,-1,0.000000,0.000000,0.000000,0.000000,0.000000,0.000000,0.000000,0,0,-1,0.000000,0.000000,0.000000,0.000000,0.000000,0.000000,0.000000
1779333519897.499,0,0,-1,0.000000,0.000000,0.000000,0.000000,0.000000,0.000000,0.000000,0,0,-1,0.000000,0.000000,0.000000,0.000000,0.000000,0.000000,0.000000
1779333519930.832,0,0,-1,0.000000,0.000000,0.000000,0.000000,0.000000,0.000000,0.000000,0,0,-1,0.000000,0.000000,0.000000,0.000000,0.000000,0.000000,0.000000
1779333519964.166,0,0,-1,0.000000,0.000000,0.000000,0.000000,0.000000,0.000000,0.000000,0,0,-1,0.000000,0.000000,0.000000,0.000000,0.000000,0.000000,0.000000
1779333519997.499,0,0,-1,0.000000,0.000000,0.000000,0.000000,0.000000,0.000000,0.000000,0,0,-1,0.000000,0.000000,0.000000,0.000000,0.000000,0.000000,0.000000
1779333520030.832,0,0,-1,0.000000,0.000000,0.000000,0.000000,0.000000,0.000000,0.000000,0,0,-1,0.000000,0.000000,0.000000,0.000000,0.000000,0.000000,0.000000
1779333520064.166,0,0,-1,0.000000,0.000000,0.000000,0.000000,0.000000,0.000000,0.000000,0,0,-1,0.000000,0.000000,0.000000,0.000000,0.000000,0.000000,0.000000
1779333520097.499,0,0,-1,0.000000,0.000000,0.000000,0.000000,0.000000,0.000000,0.000000,0,0,-1,0.000000,0.000000,0.000000,0.000000,0.000000,0.000000,0.000000
1779333520130.832,0,0,-1,0.000000,0.000000,0.000000,0.000000,0.000000,0.000000,0.000000,0,0,-1,0.000000,0.000000,0.000000,0.000000,0.000000,0.000000,0.000000
1779333520164.166,0,0,-1,0.000000,0.000000,0.000000,0.000000,0.000000,0.000000,0.000000,0,0,-1,0.000000,0.000000,0.000000,0.000000,0.000000,0.000000,0.000000
1779333520197.499,0,0,-1,0.000000,0.000000,0.000000,0.000000,0.000000,0.000000,0.000000,0,0,-1,0.000000,0.000000,0.000000,0.000000,0.000000,0.000000,0.000000
1779333520230.832,0,0,-1,0.000000,0.000000,0.000000,0.000000,0.000000,0.000000,0.000000,0,0,-1,0.000000,0.000000,0.000000,0.000000,0.000000,0.000000,0.000000
1779333520264.166,0,0,-1,0.000000,0.000000,0.000000,0.000000,0.000000,0.000000,0.000000,0,0,-1,0.000000,0.000000,0.000000,0.000000,0.000000,0.000000,0.000000
1779333520297.499,0,0,-1,0.000000,0.000000,0.000000,0.000000,0.000000,0.000000,0.000000,0,0,-1,0.000000,0.000000,0.000000,0.000000,0.000000,0.000000,0.000000
1779333520330.832,0,0,-1,0.000000,0.000000,0.000000,0.000000,0.000000,0.000000,0.000000,0,0,-1,0.000000,0.000000,0.000000,0.000000,0.000000,0.000000,0.000000
1779333520364.166,0,0,-1,0.000000,0.000000,0.000000,0.000000,0.000000,0.000000,0.000000,0,0,-1,0.000000,0.000000,0.000000,0.000000,0.000000,0.000000,0.000000
1779333520397.499,0,0,-1,0.000000,0.000000,0.000000,0.000000,0.000000,0.000000,0.000000,0,0,-1,0.000000,0.000000,0.000000,0.000000,0.000000,0.000000,0.000000
1779333520430.832,0,0,-1,0.000000,0.000000,0.000000,0.000000,0.000000,0.000000,0.000000,0,0,-1,0.000000,0.000000,0.000000,0.000000,0.000000,0.000000,0.000000
1779333520464.166,0,0,-1,0.000000,0.000000,0.000000,0.000000,0.000000,0.000000,0.000000,0,0,-1,0.000000,0.000000,0.000000,0.000000,0.000000,0.000000,0.000000
1779333520497.499,0,0,-1,0.000000,0.000000,0.000000,0.000000,0.000000,0.000000,0.000000,0,0,-1,0.000000,0.000000,0.000000,0.000000,0.000000,0.000000,0.000000
1779333520530.832,0,0,-1,0.000000,0.000000,0.000000,0.000000,0.000000,0.000000,0.000000,0,0,-1,0.000000,0.000000,0.000000,0.000000,0.000000,0.000000,0.000000
1779333520564.166,0,0,-1,0.000000,0.000000,0.000000,0.000000,0.000000,0.000000,0.000000,0,0,-1,0.000000,0.000000,0.000000,0.000000,0.000000,0.000000,0.000000
1779333520597.499,0,0,-1,0.000000,0.000000,0.000000,0.000000,0.000000,0.000000,0.000000,0,0,-1,0.000000,0.000000,0.000000,0.000000,0.000000,0.000000,0.000000
1779333520630.832,0,0,-1,0.000000,0.000000,0.000000,0.000000,0.000000,0.000000,0.000000,0,0,-1,0.000000,0.000000,0.000000,0.000000,0.000000,0.000000,0.000000
1779333520664.166,0,0,-1,0.000000,0.000000,0.000000,0.000000,0.000000,0.000000,0.000000,0,0,-1,0.000000,0.000000,0.000000,0.000000,0.000000,0.000000,0.000000
1779333520697.499,0,0,-1,0.000000,0.000000,0.000000,0.000000,0.000000,0.000000,0.000000,0,0,-1,0.000000,0.000000,0.000000,0.000000,0.000000,0.000000,0.000000
1779333520730.832,0,0,-1,0.000000,0.000000,0.000000,0.000000,0.000000,0.000000,0.000000,0,0,-1,0.000000,0.000000,0.000000,0.000000,0.000000,0.000000,0.000000
1779333520764.166,0,0,-1,0.000000,0.000000,0.000000,0.000000,0.000000,0.000000,0.000000,0,0,-1,0.000000,0.000000,0.000000,0.000000,0.000000,0.000000,0.000000
1779333520797.499,0,0,-1,0.000000,0.000000,0.000000,0.000000,0.000000,0.000000,0.000000,0,0,-1,0.000000,0.000000,0.000000,0.000000,0.000000,0.000000,0.000000
1779333520830.832,0,0,-1,0.000000,0.000000,0.000000,0.000000,0.000000,0.000000,0.000000,0,0,-1,0.000000,0.000000,0.000000,0.000000,0.000000,0.000000,0.000000
1779333520864.166,0,0,-1,0.000000,0.000000,0.000000,0.000000,0.000000,0.000000,0.000000,0,0,-1,0.000000,0.000000,0.000000,0.000000,0.000000,0.000000,0.000000
1779333520897.499,0,0,-1,0.000000,0.000000,0.000000,0.000000,0.000000,0.000000,0.000000,0,0,-1,0.000000,0.000000,0.000000,0.000000,0.000000,0.000000,0.000000
1779333520930.832,0,0,-1,0.000000,0.000000,0.000000,0.000000,0.000000,0.000000,0.000000,0,0,-1,0.000000,0.000000,0.000000,0.000000,0.000000,0.000000,0.000000
1779333520964.166,0,0,-1,0.000000,0.000000,0.000000,0.000000,0.000000,0.000000,0.000000,0,0,-1,0.000000,0.000000,0.000000,0.000000,0.000000,0.000000,0.000000
1779333520997.499,0,0,-1,0.000000,0.000000,0.000000,0.000000,0.000000,0.000000,0.000000,0,0,-1,0.000000,0.000000,0.000000,0.000000,0.000000,0.000000,0.000000
1779333521030.832,0,0,-1,0.000000,0.000000,0.000000,0.000000,0.000000,0.000000,0.000000,0,0,-1,0.000000,0.000000,0.000000,0.000000,0.000000,0.000000,0.000000
1779333521064.166,0,0,-1,0.000000,0.000000,0.000000,0.000000,0.000000,0.000000,0.000000,0,0,-1,0.000000,0.000000,0.000000,0.000000,0.000000,0.000000,0.000000
1779333521097.499,0,0,-1,0.000000,0.000000,0.000000,0.000000,0.000000,0.000000,0.000000,0,0,-1,0.000000,0.000000,0.000000,0.000000,0.000000,0.000000,0.000000
1779333521130.832,0,0,-1,0.000000,0.000000,0.000000,0.000000,0.000000,0.000000,0.000000,0,0,-1,0.000000,0.000000,0.000000,0.000000,0.000000,0.000000,0.000000
1779333521164.166,0,0,-1,0.000000,0.000000,0.000000,0.000000,0.000000,0.000000,0.000000,0,0,-1,0.000000,0.000000,0.000000,0.000000,0.000000,0.000000,0.000000
1779333521197.499,0,0,-1,0.000000,0.000000,0.000000,0.000000,0.000000,0.000000,0.000000,0,0,-1,0.000000,0.000000,0.000000,0.000000,0.000000,0.000000,0.000000
1779333521230.832,0,0,-1,0.000000,0.000000,0.000000,0.000000,0.000000,0.000000,0.000000,0,0,-1,0.000000,0.000000,0.000000,0.000000,0.000000,0.000000,0.000000
1779333521264.166,0,0,-1,0.000000,0.000000,0.000000,0.000000,0.000000,0.000000,0.000000,0,0,-1,0.000000,0.000000,0.000000,0.000000,0.000000,0.000000,0.000000
1779333521297.499,0,0,-1,0.000000,0.000000,0.000000,0.000000,0.000000,0.000000,0.000000,0,0,-1,0.000000,0.000000,0.000000,0.000000,0.000000,0.000000,0.000000
1779333521330.832,0,0,-1,0.000000,0.000000,0.000000,0.000000,0.000000,0.000000,0.000000,0,0,-1,0.000000,0.000000,0.000000,0.000000,0.000000,0.000000,0.000000
1779333521364.166,0,0,-1,0.000000,0.000000,0.000000,0.000000,0.000000,0.000000,0.000000,0,0,-1,0.000000,0.000000,0.000000,0.000000,0.000000,0.000000,0.000000
1779333521397.499,0,0,-1,0.000000,0.000000,0.000000,0.000000,0.000000,0.000000,0.000000,0,0,-1,0.000000,0.000000,0.000000,0.000000,0.000000,0.000000,0.000000
1779333521430.832,0,0,-1,0.000000,0.000000,0.000000,0.000000,0.000000,0.000000,0.000000,0,0,-1,0.000000,0.000000,0.000000,0.000000,0.000000,0.000000,0.000000
1779333521464.166,0,0,-1,0.000000,0.000000,0.000000,0.000000,0.000000,0.000000,0.000000,0,0,-1,0.000000,0.000000,0.000000,0.000000,0.000000,0.000000,0.000000
1779333521497.499,0,0,-1,0.000000,0.000000,0.000000,0.000000,0.000000,0.000000,0.000000,0,0,-1,0.000000,0.000000,0.000000,0.000000,0.000000,0.000000,0.000000
1779333521530.832,0,0,-1,0.000000,0.000000,0.000000,0.000000,0.000000,0.000000,0.000000,0,0,-1,0.000000,0.000000,0.000000,0.000000,0.000000,0.000000,0.000000
1779333521564.166,0,0,-1,0.000000,0.000000,0.000000,0.000000,0.000000,0.000000,0.000000,0,0,-1,0.000000,0.000000,0.000000,0.000000,0.000000,0.000000,0.000000
1779333521597.499,0,0,-1,0.000000,0.000000,0.000000,0.000000,0.000000,0.000000,0.000000,0,0,-1,0.000000,0.000000,0.000000,0.000000,0.000000,0.000000,0.000000
1779333521630.832,0,0,-1,0.000000,0.000000,0.000000,0.000000,0.000000,0.000000,0.000000,0,0,-1,0.000000,0.000000,0.000000,0.000000,0.000000,0.000000,0.000000
1779333521664.166,0,0,-1,0.000000,0.000000,0.000000,0.000000,0.000000,0.000000,0.000000,0,0,-1,0.000000,0.000000,0.000000,0.000000,0.000000,0.000000,0.000000
1779333521697.499,0,0,-1,0.000000,0.000000,0.000000,0.000000,0.000000,0.000000,0.000000,0,0,-1,0.000000,0.000000,0.000000,0.000000,0.000000,0.000000,0.000000
1779333521730.832,0,0,-1,0.000000,0.000000,0.000000,0.000000,0.000000,0.000000,0.000000,0,0,-1,0.000000,0.000000,0.000000,0.000000,0.000000,0.000000,0.000000
1779333521764.166,0,0,-1,0.000000,0.000000,0.000000,0.000000,0.000000,0.000000,0.000000,0,0,-1,0.000000,0.000000,0.000000,0.000000,0.000000,0.000000,0.000000
1779333521797.499,0,0,-1,0.000000,0.000000,0.000000,0.000000,0.000000,0.000000,0.000000,0,0,-1,0.000000,0.000000,0.000000,0.000000,0.000000,0.000000,0.000000
1779333521830.832,0,0,-1,0.000000,0.000000,0.000000,0.000000,0.000000,0.000000,0.000000,0,0,-1,0.000000,0.000000,0.000000,0.000000,0.000000,0.000000,0.000000
1779333521864.166,0,0,-1,0.000000,0.000000,0.000000,0.000000,0.000000,0.000000,0.000000,0,0,-1,0.000000,0.000000,0.000000,0.000000,0.000000,0.000000,0.000000
1779333521897.499,0,0,-1,0.000000,0.000000,0.000000,0.000000,0.000000,0.000000,0.000000,0,0,-1,0.000000,0.000000,0.000000,0.000000,0.000000,0.000000,0.000000
1779333521930.832,0,0,-1,0.000000,0.000000,0.000000,0.000000,0.000000,0.000000,0.000000,0,0,-1,0.000000,0.000000,0.000000,0.000000,0.000000,0.000000,0.000000
1779333521964.166,0,0,-1,0.000000,0.000000,0.000000,0.000000,0.000000,0.000000,0.000000,0,0,-1,0.000000,0.000000,0.000000,0.000000,0.000000,0.000000,0.000000
1779333521997.499,0,0,-1,0.000000,0.000000,0.000000,0.000000,0.000000,0.000000,0.000000,0,0,-1,0.000000,0.000000,0.000000,0.000000,0.000000,0.000000,0.000000
1779333522030.832,0,0,-1,0.000000,0.000000,0.000000,0.000000,0.000000,0.000000,0.000000,0,0,-1,0.000000,0.000000,0.000000,0.000000,0.000000,0.000000,0.000000
1779333522064.166,0,0,-1,0.000000,0.000000,0.000000,0.000000,0.000000,0.000000,0.000000,0,0,-1,0.000000,0.000000,0.000000,0.000000,0.000000,0.000000,0.000000
1779333522097.499,0,0,-1,0.000000,0.000000,0.000000,0.000000,0.000000,0.000000,0.000000,0,0,-1,0.000000,0.000000,0.000000,0.000000,0.000000,0.000000,0.000000
1779333522130.832,0,0,-1,0.000000,0.000000,0.000000,0.000000,0.000000,0.000000,0.000000,0,0,-1,0.000000,0.000000,0.000000,0.000000,0.000000,0.000000,0.000000
1779333522164.166,0,0,-1,0.000000,0.000000,0.000000,0.000000,0.000000,0.000000,0.000000,0,0,-1,0.000000,0.000000,0.000000,0.000000,0.000000,0.000000,0.000000
1779333522197.499,0,0,-1,0.000000,0.000000,0.000000,0.000000,0.000000,0.000000,0.000000,0,0,-1,0.000000,0.000000,0.000000,0.000000,0.000000,0.000000,0.000000
1779333522230.832,0,0,-1,0.000000,0.000000,0.000000,0.000000,0.000000,0.000000,0.000000,0,0,-1,0.000000,0.000000,0.000000,0.000000,0.000000,0.000000,0.000000
1779333522264.166,0,0,-1,0.000000,0.000000,0.000000,0.000000,0.000000,0.000000,0.000000,0,0,-1,0.000000,0.000000,0.000000,0.000000,0.000000,0.000000,0.000000
1779333522297.499,0,0,-1,0.000000,0.000000,0.000000,0.000000,0.000000,0.000000,0.000000,0,0,-1,0.000000,0.000000,0.000000,0.000000,0.000000,0.000000,0.000000
1779333522330.832,0,0,-1,0.000000,0.000000,0.000000,0.000000,0.000000,0.000000,0.000000,0,0,-1,0.000000,0.000000,0.000000,0.000000,0.000000,0.000000,0.000000
1779333522364.166,0,0,-1,0.000000,0.000000,0.000000,0.000000,0.000000,0.000000,0.000000,0,0,-1,0.000000,0.000000,0.000000,0.000000,0.000000,0.000000,0.000000
1779333522397.499,0,0,-1,0.000000,0.000000,0.000000,0.000000,0.000000,0.000000,0.000000,0,0,-1,0.000000,0.000000,0.000000,0.000000,0.000000,0.000000,0.000000
1779333522430.832,0,0,-1,0.000000,0.000000,0.000000,0.000000,0.000000,0.000000,0.000000,0,0,-1,0.000000,0.000000,0.000000,0.000000,0.000000,0.000000,0.000000
1779333522464.166,0,0,-1,0.000000,0.000000,0.000000,0.000000,0.000000,0.000000,0.000000,0,0,-1,0.000000,0.000000,0.000000,0.000000,0.000000,0.000000,0.000000
1779333522497.499,0,0,-1,0.000000,0.000000,0.000000,0.000000,0.000000,0.000000,0.000000,0,0,-1,0.000000,0.000000,0.000000,0.000000,0.000000,0.000000,0.000000
1779333522530.832,0,0,-1,0.000000,0.000000,0.000000,0.000000,0.000000,0.000000,0.000000,0,0,-1,0.000000,0.000000,0.000000,0.000000,0.000000,0.000000,0.000000
1779333522564.166,0,0,-1,0.000000,0.000000,0.000000,0.000000,0.000000,0.000000,0.000000,0,0,-1,0.000000,0.000000,0.000000,0.000000,0.000000,0.000000,0.000000
1779333522597.499,0,0,-1,0.000000,0.000000,0.000000,0.000000,0.000000,0.000000,0.000000,0,0,-1,0.000000,0.000000,0.000000,0.000000,0.000000,0.000000,0.000000
1779333522630.832,0,0,-1,0.000000,0.000000,0.000000,0.000000,0.000000,0.000000,0.000000,0,0,-1,0.000000,0.000000,0.000000,0.000000,0.000000,0.000000,0.000000
1779333522664.166,0,0,-1,0.000000,0.000000,0.000000,0.000000,0.000000,0.000000,0.000000,0,0,-1,0.000000,0.000000,0.000000,0.000000,0.000000,0.000000,0.000000
1779333522697.499,0,0,-1,0.000000,0.000000,0.000000,0.000000,0.000000,0.000000,0.000000,0,0,-1,0.000000,0.000000,0.000000,0.000000,0.000000,0.000000,0.000000
1779333522730.832,0,0,-1,0.000000,0.000000,0.000000,0.000000,0.000000,0.000000,0.000000,0,0,-1,0.000000,0.000000,0.000000,0.000000,0.000000,0.000000,0.000000
1779333522764.166,0,0,-1,0.000000,0.000000,0.000000,0.000000,0.000000,0.000000,0.000000,0,0,-1,0.000000,0.000000,0.000000,0.000000,0.000000,0.000000,0.000000
1779333522797.499,0,0,-1,0.000000,0.000000,0.000000,0.000000,0.000000,0.000000,0.000000,0,0,-1,0.000000,0.000000,0.000000,0.000000,0.000000,0.000000,0.000000
1779333522830.832,0,0,-1,0.000000,0.000000,0.000000,0.000000,0.000000,0.000000,0.000000,0,0,-1,0.000000,0.000000,0.000000,0.000000,0.000000,0.000000,0.000000
1779333522864.166,0,0,-1,0.000000,0.000000,0.000000,0.000000,0.000000,0.000000,0.000000,0,0,-1,0.000000,0.000000,0.000000,0.000000,0.000000,0.000000,0.000000
1779333522897.499,0,0,-1,0.000000,0.000000,0.000000,0.000000,0.000000,0.000000,0.000000,0,0,-1,0.000000,0.000000,0.000000,0.000000,0.000000,0.000000,0.000000
1779333522930.832,0,0,-1,0.000000,0.000000,0.000000,0.000000,0.000000,0.000000,0.000000,0,0,-1,0.000000,0.000000,0.000000,0.000000,0.000000,0.000000,0.000000
1779333522964.166,0,0,-1,0.000000,0.000000,0.000000,0.000000,0.000000,0.000000,0.000000,0,0,-1,0.000000,0.000000,0.000000,0.000000,0.000000,0.000000,0.000000
1779333522997.499,0,0,-1,0.000000,0.000000,0.000000,0.000000,0.000000,0.000000,0.000000,0,0,-1,0.000000,0.000000,0.000000,0.000000,0.000000,0.000000,0.000000
1779333523030.832,0,0,-1,0.000000,0.000000,0.000000,0.000000,0.000000,0.000000,0.000000,0,0,-1,0.000000,0.000000,0.000000,0.000000,0.000000,0.000000,0.000000
1779333523064.166,0,0,-1,0.000000,0.000000,0.000000,0.000000,0.000000,0.000000,0.000000,0,0,-1,0.000000,0.000000,0.000000,0.000000,0.000000,0.000000,0.000000
1779333523097.499,0,0,-1,0.000000,0.000000,0.000000,0.000000,0.000000,0.000000,0.000000,0,0,-1,0.000000,0.000000,0.000000,0.000000,0.000000,0.000000,0.000000
1779333523130.832,0,0,-1,0.000000,0.000000,0.000000,0.000000,0.000000,0.000000,0.000000,0,0,-1,0.000000,0.000000,0.000000,0.000000,0.000000,0.000000,0.000000
1779333523164.166,0,0,-1,0.000000,0.000000,0.000000,0.000000,0.000000,0.000000,0.000000,0,0,-1,0.000000,0.000000,0.000000,0.000000,0.000000,0.000000,0.000000
1779333523197.499,0,0,-1,0.000000,0.000000,0.000000,0.000000,0.000000,0.000000,0.000000,0,0,-1,0.000000,0.000000,0.000000,0.000000,0.000000,0.000000,0.000000
1779333523230.832,0,0,-1,0.000000,0.000000,0.000000,0.000000,0.000000,0.000000,0.000000,0,0,-1,0.000000,0.000000,0.000000,0.000000,0.000000,0.000000,0.000000
1779333523264.166,0,0,-1,0.000000,0.000000,0.000000,0.000000,0.000000,0.000000,0.000000,0,0,-1,0.000000,0.000000,0.000000,0.000000,0.000000,0.000000,0.000000
1779333523297.499,0,0,-1,0.000000,0.000000,0.000000,0.000000,0.000000,0.000000,0.000000,0,0,-1,0.000000,0.000000,0.000000,0.000000,0.000000,0.000000,0.000000
1779333523330.832,0,0,-1,0.000000,0.000000,0.000000,0.000000,0.000000,0.000000,0.000000,0,0,-1,0.000000,0.000000,0.000000,0.000000,0.000000,0.000000,0.000000
1779333523364.166,0,0,-1,0.000000,0.000000,0.000000,0.000000,0.000000,0.000000,0.000000,0,0,-1,0.000000,0.000000,0.000000,0.000000,0.000000,0.000000,0.000000
1779333523397.499,0,0,-1,0.000000,0.000000,0.000000,0.000000,0.000000,0.000000,0.000000,0,0,-1,0.000000,0.000000,0.000000,0.000000,0.000000,0.000000,0.000000
1779333523430.832,0,0,-1,0.000000,0.000000,0.000000,0.000000,0.000000,0.000000,0.000000,0,0,-1,0.000000,0.000000,0.000000,0.000000,0.000000,0.000000,0.000000
1779333523464.166,0,0,-1,0.000000,0.000000,0.000000,0.000000,0.000000,0.000000,0.000000,0,0,-1,0.000000,0.000000,0.000000,0.000000,0.000000,0.000000,0.000000
1779333523497.499,0,0,-1,0.000000,0.000000,0.000000,0.000000,0.000000,0.000000,0.000000,0,0,-1,0.000000,0.000000,0.000000,0.000000,0.000000,0.000000,0.000000
1779333523530.832,0,0,-1,0.000000,0.000000,0.000000,0.000000,0.000000,0.000000,0.000000,0,0,-1,0.000000,0.000000,0.000000,0.000000,0.000000,0.000000,0.000000
1779333523564.166,0,0,-1,0.000000,0.000000,0.000000,0.000000,0.000000,0.000000,0.000000,0,0,-1,0.000000,0.000000,0.000000,0.000000,0.000000,0.000000,0.000000
1779333523597.499,0,0,-1,0.000000,0.000000,0.000000,0.000000,0.000000,0.000000,0.000000,0,0,-1,0.000000,0.000000,0.000000,0.000000,0.000000,0.000000,0.000000
1779333523630.832,0,0,-1,0.000000,0.000000,0.000000,0.000000,0.000000,0.000000,0.000000,0,0,-1,0.000000,0.000000,0.000000,0.000000,0.000000,0.000000,0.000000
1779333523664.166,0,0,-1,0.000000,0.000000,0.000000,0.000000,0.000000,0.000000,0.000000,0,0,-1,0.000000,0.000000,0.000000,0.000000,0.000000,0.000000,0.000000
1779333523697.499,0,0,-1,0.000000,0.000000,0.000000,0.000000,0.000000,0.000000,0.000000,0,0,-1,0.000000,0.000000,0.000000,0.000000,0.000000,0.000000,0.000000
1779333523730.832,0,0,-1,0.000000,0.000000,0.000000,0.000000,0.000000,0.000000,0.000000,0,0,-1,0.000000,0.000000,0.000000,0.000000,0.000000,0.000000,0.000000
1779333523764.166,0,0,-1,0.000000,0.000000,0.000000,0.000000,0.000000,0.000000,0.000000,0,0,-1,0.000000,0.000000,0.000000,0.000000,0.000000,0.000000,0.000000
1779333523797.499,0,0,-1,0.000000,0.000000,0.000000,0.000000,0.000000,0.000000,0.000000,0,0,-1,0.000000,0.000000,0.000000,0.000000,0.000000,0.000000,0.000000
1779333523830.832,0,0,-1,0.000000,0.000000,0.000000,0.000000,0.000000,0.000000,0.000000,0,0,-1,0.000000,0.000000,0.000000,0.000000,0.000000,0.000000,0.000000
1779333523864.166,0,0,-1,0.000000,0.000000,0.000000,0.000000,0.000000,0.000000,0.000000,0,0,-1,0.000000,0.000000,0.000000,0.000000,0.000000,0.000000,0.000000
1779333523897.499,0,0,-1,0.000000,0.000000,0.000000,0.000000,0.000000,0.000000,0.000000,0,0,-1,0.000000,0.000000,0.000000,0.000000,0.000000,0.000000,0.000000
1779333523930.832,0,0,-1,0.000000,0.000000,0.000000,0.000000,0.000000,0.000000,0.000000,0,0,-1,0.000000,0.000000,0.000000,0.000000,0.000000,0.000000,0.000000
1779333523964.166,0,0,-1,0.000000,0.000000,0.000000,0.000000,0.000000,0.000000,0.000000,0,0,-1,0.000000,0.000000,0.000000,0.000000,0.000000,0.000000,0.000000
1779333523997.499,0,0,-1,0.000000,0.000000,0.000000,0.000000,0.000000,0.000000,0.000000,0,0,-1,0.000000,0.000000,0.000000,0.000000,0.000000,0.000000,0.000000
1779333524030.832,0,0,-1,0.000000,0.000000,0.000000,0.000000,0.000000,0.000000,0.000000,0,0,-1,0.000000,0.000000,0.000000,0.000000,0.000000,0.000000,0.000000
1779333524064.166,0,0,-1,0.000000,0.000000,0.000000,0.000000,0.000000,0.000000,0.000000,0,0,-1,0.000000,0.000000,0.000000,0.000000,0.000000,0.000000,0.000000
1779333524097.499,0,0,-1,0.000000,0.000000,0.000000,0.000000,0.000000,0.000000,0.000000,0,0,-1,0.000000,0.000000,0.000000,0.000000,0.000000,0.000000,0.000000
1779333524130.832,0,0,-1,0.000000,0.000000,0.000000,0.000000,0.000000,0.000000,0.000000,0,0,-1,0.000000,0.000000,0.000000,0.000000,0.000000,0.000000,0.000000
1779333524164.166,0,0,-1,0.000000,0.000000,0.000000,0.000000,0.000000,0.000000,0.000000,0,0,-1,0.000000,0.000000,0.000000,0.000000,0.000000,0.000000,0.000000
1779333524197.499,0,0,-1,0.000000,0.000000,0.000000,0.000000,0.000000,0.000000,0.000000,0,0,-1,0.000000,0.000000,0.000000,0.000000,0.000000,0.000000,0.000000
1779333524230.832,0,0,-1,0.000000,0.000000,0.000000,0.000000,0.000000,0.000000,0.000000,0,0,-1,0.000000,0.000000,0.000000,0.000000,0.000000,0.000000,0.000000
1779333524264.166,0,0,-1,0.000000,0.000000,0.000000,0.000000,0.000000,0.000000,0.000000,0,0,-1,0.000000,0.000000,0.000000,0.000000,0.000000,0.000000,0.000000
1779333524297.499,0,0,-1,0.000000,0.000000,0.000000,0.000000,0.000000,0.000000,0.000000,0,0,-1,0.000000,0.000000,0.000000,0.000000,0.000000,0.000000,0.000000
1779333524330.832,0,0,-1,0.000000,0.000000,0.000000,0.000000,0.000000,0.000000,0.000000,0,0,-1,0.000000,0.000000,0.000000,0.000000,0.000000,0.000000,0.000000
1779333524364.166,0,0,-1,0.000000,0.000000,0.000000,0.000000,0.000000,0.000000,0.000000,0,0,-1,0.000000,0.000000,0.000000,0.000000,0.000000,0.000000,0.000000
1779333524397.499,0,0,-1,0.000000,0.000000,0.000000,0.000000,0.000000,0.000000,0.000000,0,0,-1,0.000000,0.000000,0.000000,0.000000,0.000000,0.000000,0.000000
1779333524430.832,0,0,-1,0.000000,0.000000,0.000000,0.000000,0.000000,0.000000,0.000000,0,0,-1,0.000000,0.000000,0.000000,0.000000,0.000000,0.000000,0.000000
1779333524464.166,0,0,-1,0.000000,0.000000,0.000000,0.000000,0.000000,0.000000,0.000000,0,0,-1,0.000000,0.000000,0.000000,0.000000,0.000000,0.000000,0.000000
1779333524497.499,0,0,-1,0.000000,0.000000,0.000000,0.000000,0.000000,0.000000,0.000000,0,0,-1,0.000000,0.000000,0.000000,0.000000,0.000000,0.000000,0.000000
1779333524530.832,0,0,-1,0.000000,0.000000,0.000000,0.000000,0.000000,0.000000,0.000000,0,0,-1,0.000000,0.000000,0.000000,0.000000,0.000000,0.000000,0.000000
1779333524564.166,0,0,-1,0.000000,0.000000,0.000000,0.000000,0.000000,0.000000,0.000000,0,0,-1,0.000000,0.000000,0.000000,0.000000,0.000000,0.000000,0.000000
1779333524597.499,0,0,-1,0.000000,0.000000,0.000000,0.000000,0.000000,0.000000,0.000000,0,0,-1,0.000000,0.000000,0.000000,0.000000,0.000000,0.000000,0.000000
1779333524630.832,0,0,-1,0.000000,0.000000,0.000000,0.000000,0.000000,0.000000,0.000000,0,0,-1,0.000000,0.000000,0.000000,0.000000,0.000000,0.000000,0.000000
1779333524664.166,0,0,-1,0.000000,0.000000,0.000000,0.000000,0.000000,0.000000,0.000000,0,0,-1,0.000000,0.000000,0.000000,0.000000,0.000000,0.000000,0.000000
1779333524697.499,0,0,-1,0.000000,0.000000,0.000000,0.000000,0.000000,0.000000,0.000000,0,0,-1,0.000000,0.000000,0.000000,0.000000,0.000000,0.000000,0.000000
1779333524730.832,0,0,-1,0.000000,0.000000,0.000000,0.000000,0.000000,0.000000,0.000000,0,0,-1,0.000000,0.000000,0.000000,0.000000,0.000000,0.000000,0.000000
1779333524764.166,0,0,-1,0.000000,0.000000,0.000000,0.000000,0.000000,0.000000,0.000000,0,0,-1,0.000000,0.000000,0.000000,0.000000,0.000000,0.000000,0.000000
1779333524797.499,0,0,-1,0.000000,0.000000,0.000000,0.000000,0.000000,0.000000,0.000000,0,0,-1,0.000000,0.000000,0.000000,0.000000,0.000000,0.000000,0.000000
1779333524830.832,0,0,-1,0.000000,0.000000,0.000000,0.000000,0.000000,0.000000,0.000000,0,0,-1,0.000000,0.000000,0.000000,0.000000,0.000000,0.000000,0.000000
1779333524864.166,0,0,-1,0.000000,0.000000,0.000000,0.000000,0.000000,0.000000,0.000000,0,0,-1,0.000000,0.000000,0.000000,0.000000,0.000000,0.000000,0.000000
1779333524897.499,0,0,-1,0.000000,0.000000,0.000000,0.000000,0.000000,0.000000,0.000000,0,0,-1,0.000000,0.000000,0.000000,0.000000,0.000000,0.000000,0.000000
1779333524930.832,0,0,-1,0.000000,0.000000,0.000000,0.000000,0.000000,0.000000,0.000000,0,0,-1,0.000000,0.000000,0.000000,0.000000,0.000000,0.000000,0.000000
1779333524964.166,0,0,-1,0.000000,0.000000,0.000000,0.000000,0.000000,0.000000,0.000000,0,0,-1,0.000000,0.000000,0.000000,0.000000,0.000000,0.000000,0.000000
1779333524997.499,0,0,-1,0.000000,0.000000,0.000000,0.000000,0.000000,0.000000,0.000000,0,0,-1,0.000000,0.000000,0.000000,0.000000,0.000000,0.000000,0.000000
1779333525030.832,0,0,-1,0.000000,0.000000,0.000000,0.000000,0.000000,0.000000,0.000000,0,0,-1,0.000000,0.000000,0.000000,0.000000,0.000000,0.000000,0.000000
1779333525064.166,0,0,-1,0.000000,0.000000,0.000000,0.000000,0.000000,0.000000,0.000000,0,0,-1,0.000000,0.000000,0.000000,0.000000,0.000000,0.000000,0.000000
1779333525097.499,0,0,-1,0.000000,0.000000,0.000000,0.000000,0.000000,0.000000,0.000000,0,0,-1,0.000000,0.000000,0.000000,0.000000,0.000000,0.000000,0.000000
1779333525130.832,0,0,-1,0.000000,0.000000,0.000000,0.000000,0.000000,0.000000,0.000000,0,0,-1,0.000000,0.000000,0.000000,0.000000,0.000000,0.000000,0.000000
1779333525164.166,0,0,-1,0.000000,0.000000,0.000000,0.000000,0.000000,0.000000,0.000000,0,0,-1,0.000000,0.000000,0.000000,0.000000,0.000000,0.000000,0.000000
1779333525197.499,0,0,-1,0.000000,0.000000,0.000000,0.000000,0.000000,0.000000,0.000000,0,0,-1,0.000000,0.000000,0.000000,0.000000,0.000000,0.000000,0.000000
1779333525230.832,0,0,-1,0.000000,0.000000,0.000000,0.000000,0.000000,0.000000,0.000000,0,0,-1,0.000000,0.000000,0.000000,0.000000,0.000000,0.000000,0.000000
1779333525264.166,0,0,-1,0.000000,0.000000,0.000000,0.000000,0.000000,0.000000,0.000000,0,0,-1,0.000000,0.000000,0.000000,0.000000,0.000000,0.000000,0.000000
1779333525297.499,0,0,-1,0.000000,0.000000,0.000000,0.000000,0.000000,0.000000,0.000000,0,0,-1,0.000000,0.000000,0.000000,0.000000,0.000000,0.000000,0.000000
1779333525330.832,0,0,-1,0.000000,0.000000,0.000000,0.000000,0.000000,0.000000,0.000000,0,0,-1,0.000000,0.000000,0.000000,0.000000,0.000000,0.000000,0.000000
1779333525364.166,0,0,-1,0.000000,0.000000,0.000000,0.000000,0.000000,0.000000,0.000000,0,0,-1,0.000000,0.000000,0.000000,0.000000,0.000000,0.000000,0.000000
1779333525397.499,0,0,-1,0.000000,0.000000,0.000000,0.000000,0.000000,0.000000,0.000000,0,0,-1,0.000000,0.000000,0.000000,0.000000,0.000000,0.000000,0.000000
1779333525430.832,0,0,-1,0.000000,0.000000,0.000000,0.000000,0.000000,0.000000,0.000000,0,0,-1,0.000000,0.000000,0.000000,0.000000,0.000000,0.000000,0.000000
1779333525464.166,0,0,-1,0.000000,0.000000,0.000000,0.000000,0.000000,0.000000,0.000000,0,0,-1,0.000000,0.000000,0.000000,0.000000,0.000000,0.000000,0.000000
1779333525497.499,0,0,-1,0.000000,0.000000,0.000000,0.000000,0.000000,0.000000,0.000000,0,0,-1,0.000000,0.000000,0.000000,0.000000,0.000000,0.000000,0.000000
1779333525530.832,0,0,-1,0.000000,0.000000,0.000000,0.000000,0.000000,0.000000,0.000000,0,0,-1,0.000000,0.000000,0.000000,0.000000,0.000000,0.000000,0.000000
1779333525564.166,0,0,-1,0.000000,0.000000,0.000000,0.000000,0.000000,0.000000,0.000000,0,0,-1,0.000000,0.000000,0.000000,0.000000,0.000000,0.000000,0.000000
1779333525597.499,0,0,-1,0.000000,0.000000,0.000000,0.000000,0.000000,0.000000,0.000000,0,0,-1,0.000000,0.000000,0.000000,0.000000,0.000000,0.000000,0.000000
1779333525630.832,0,0,-1,0.000000,0.000000,0.000000,0.000000,0.000000,0.000000,0.000000,0,0,-1,0.000000,0.000000,0.000000,0.000000,0.000000,0.000000,0.000000
1779333525664.166,0,0,-1,0.000000,0.000000,0.000000,0.000000,0.000000,0.000000,0.000000,0,0,-1,0.000000,0.000000,0.000000,0.000000,0.000000,0.000000,0.000000
1779333525697.499,0,0,-1,0.000000,0.000000,0.000000,0.000000,0.000000,0.000000,0.000000,0,0,-1,0.000000,0.000000,0.000000,0.000000,0.000000,0.000000,0.000000
1779333525730.832,0,0,-1,0.000000,0.000000,0.000000,0.000000,0.000000,0.000000,0.000000,0,0,-1,0.000000,0.000000,0.000000,0.000000,0.000000,0.000000,0.000000
1779333525764.166,0,0,-1,0.000000,0.000000,0.000000,0.000000,0.000000,0.000000,0.000000,0,0,-1,0.000000,0.000000,0.000000,0.000000,0.000000,0.000000,0.000000
1779333525797.499,0,0,-1,0.000000,0.000000,0.000000,0.000000,0.000000,0.000000,0.000000,0,0,-1,0.000000,0.000000,0.000000,0.000000,0.000000,0.000000,0.000000
1779333525830.832,0,0,-1,0.000000,0.000000,0.000000,0.000000,0.000000,0.000000,0.000000,0,0,-1,0.000000,0.000000,0.000000,0.000000,0.000000,0.000000,0.000000
1779333525864.166,0,0,-1,0.000000,0.000000,0.000000,0.000000,0.000000,0.000000,0.000000,0,0,-1,0.000000,0.000000,0.000000,0.000000,0.000000,0.000000,0.000000
1779333525897.499,0,0,-1,0.000000,0.000000,0.000000,0.000000,0.000000,0.000000,0.000000,0,0,-1,0.000000,0.000000,0.000000,0.000000,0.000000,0.000000,0.000000
1779333525930.832,0,0,-1,0.000000,0.000000,0.000000,0.000000,0.000000,0.000000,0.000000,0,0,-1,0.000000,0.000000,0.000000,0.000000,0.000000,0.000000,0.000000
1779333525964.166,0,0,-1,0.000000,0.000000,0.000000,0.000000,0.000000,0.000000,0.000000,0,0,-1,0.000000,0.000000,0.000000,0.000000,0.000000,0.000000,0.000000
1779333525997.499,0,0,-1,0.000000,0.000000,0.000000,0.000000,0.000000,0.000000,0.000000,0,0,-1,0.000000,0.000000,0.000000,0.000000,0.000000,0.000000,0.000000
1779333526030.832,0,0,-1,0.000000,0.000000,0.000000,0.000000,0.000000,0.000000,0.000000,0,0,-1,0.000000,0.000000,0.000000,0.000000,0.000000,0.000000,0.000000
1779333526064.166,0,0,-1,0.000000,0.000000,0.000000,0.000000,0.000000,0.000000,0.000000,0,0,-1,0.000000,0.000000,0.000000,0.000000,0.000000,0.000000,0.000000
1779333526097.499,0,0,-1,0.000000,0.000000,0.000000,0.000000,0.000000,0.000000,0.000000,0,0,-1,0.000000,0.000000,0.000000,0.000000,0.000000,0.000000,0.000000
1779333526130.832,0,0,-1,0.000000,0.000000,0.000000,0.000000,0.000000,0.000000,0.000000,0,0,-1,0.000000,0.000000,0.000000,0.000000,0.000000,0.000000,0.000000
1779333526164.166,0,0,-1,0.000000,0.000000,0.000000,0.000000,0.000000,0.000000,0.000000,0,0,-1,0.000000,0.000000,0.000000,0.000000,0.000000,0.000000,0.000000
1779333526197.499,0,0,-1,0.000000,0.000000,0.000000,0.000000,0.000000,0.000000,0.000000,0,0,-1,0.000000,0.000000,0.000000,0.000000,0.000000,0.000000,0.000000
1779333526230.832,0,0,-1,0.000000,0.000000,0.000000,0.000000,0.000000,0.000000,0.000000,0,0,-1,0.000000,0.000000,0.000000,0.000000,0.000000,0.000000,0.000000
1779333526264.166,0,0,-1,0.000000,0.000000,0.000000,0.000000,0.000000,0.000000,0.000000,0,0,-1,0.000000,0.000000,0.000000,0.000000,0.000000,0.000000,0.000000
1779333526297.499,0,0,-1,0.000000,0.000000,0.000000,0.000000,0.000000,0.000000,0.000000,0,0,-1,0.000000,0.000000,0.000000,0.000000,0.000000,0.000000,0.000000
1779333526330.832,0,0,-1,0.000000,0.000000,0.000000,0.000000,0.000000,0.000000,0.000000,0,0,-1,0.000000,0.000000,0.000000,0.000000,0.000000,0.000000,0.000000
1779333526364.166,0,0,-1,0.000000,0.000000,0.000000,0.000000,0.000000,0.000000,0.000000,0,0,-1,0.000000,0.000000,0.000000,0.000000,0.000000,0.000000,0.000000
1779333526397.499,0,0,-1,0.000000,0.000000,0.000000,0.000000,0.000000,0.000000,0.000000,0,0,-1,0.000000,0.000000,0.000000,0.000000,0.000000,0.000000,0.000000
1779333526430.832,0,0,-1,0.000000,0.000000,0.000000,0.000000,0.000000,0.000000,0.000000,0,0,-1,0.000000,0.000000,0.000000,0.000000,0.000000,0.000000,0.000000
1779333526464.166,0,0,-1,0.000000,0.000000,0.000000,0.000000,0.000000,0.000000,0.000000,0,0,-1,0.000000,0.000000,0.000000,0.000000,0.000000,0.000000,0.000000
1779333526497.499,0,0,-1,0.000000,0.000000,0.000000,0.000000,0.000000,0.000000,0.000000,0,0,-1,0.000000,0.000000,0.000000,0.000000,0.000000,0.000000,0.000000
1779333526530.832,0,0,-1,0.000000,0.000000,0.000000,0.000000,0.000000,0.000000,0.000000,0,0,-1,0.000000,0.000000,0.000000,0.000000,0.000000,0.000000,0.000000
1779333526564.166,0,0,-1,0.000000,0.000000,0.000000,0.000000,0.000000,0.000000,0.000000,0,0,-1,0.000000,0.000000,0.000000,0.000000,0.000000,0.000000,0.000000
1779333526597.499,0,0,-1,0.000000,0.000000,0.000000,0.000000,0.000000,0.000000,0.000000,0,0,-1,0.000000,0.000000,0.000000,0.000000,0.000000,0.000000,0.000000
1779333526630.832,0,0,-1,0.000000,0.000000,0.000000,0.000000,0.000000,0.000000,0.000000,0,0,-1,0.000000,0.000000,0.000000,0.000000,0.000000,0.000000,0.000000
1779333526664.166,0,0,-1,0.000000,0.000000,0.000000,0.000000,0.000000,0.000000,0.000000,0,0,-1,0.000000,0.000000,0.000000,0.000000,0.000000,0.000000,0.000000
1779333526697.499,0,0,-1,0.000000,0.000000,0.000000,0.000000,0.000000,0.000000,0.000000,0,0,-1,0.000000,0.000000,0.000000,0.000000,0.000000,0.000000,0.000000
1779333526730.832,0,0,-1,0.000000,0.000000,0.000000,0.000000,0.000000,0.000000,0.000000,0,0,-1,0.000000,0.000000,0.000000,0.000000,0.000000,0.000000,0.000000
1779333526764.166,0,0,-1,0.000000,0.000000,0.000000,0.000000,0.000000,0.000000,0.000000,0,0,-1,0.000000,0.000000,0.000000,0.000000,0.000000,0.000000,0.000000
1779333526797.499,0,0,-1,0.000000,0.000000,0.000000,0.000000,0.000000,0.000000,0.000000,0,0,-1,0.000000,0.000000,0.000000,0.000000,0.000000,0.000000,0.000000
1779333526830.832,0,0,-1,0.000000,0.000000,0.000000,0.000000,0.000000,0.000000,0.000000,0,0,-1,0.000000,0.000000,0.000000,0.000000,0.000000,0.000000,0.000000
1779333526864.166,0,0,-1,0.000000,0.000000,0.000000,0.000000,0.000000,0.000000,0.000000,0,0,-1,0.000000,0.000000,0.000000,0.000000,0.000000,0.000000,0.000000
1779333526897.499,0,0,-1,0.000000,0.000000,0.000000,0.000000,0.000000,0.000000,0.000000,0,0,-1,0.000000,0.000000,0.000000,0.000000,0.000000,0.000000,0.000000
1779333526930.832,0,0,-1,0.000000,0.000000,0.000000,0.000000,0.000000,0.000000,0.000000,0,0,-1,0.000000,0.000000,0.000000,0.000000,0.000000,0.000000,0.000000
1779333526964.166,0,0,-1,0.000000,0.000000,0.000000,0.000000,0.000000,0.000000,0.000000,0,0,-1,0.000000,0.000000,0.000000,0.000000,0.000000,0.000000,0.000000
1779333526997.499,0,0,-1,0.000000,0.000000,0.000000,0.000000,0.000000,0.000000,0.000000,0,0,-1,0.000000,0.000000,0.000000,0.000000,0.000000,0.000000,0.000000
1779333527030.832,0,0,-1,0.000000,0.000000,0.000000,0.000000,0.000000,0.000000,0.000000,0,0,-1,0.000000,0.000000,0.000000,0.000000,0.000000,0.000000,0.000000
1779333527064.166,0,0,-1,0.000000,0.000000,0.000000,0.000000,0.000000,0.000000,0.000000,0,0,-1,0.000000,0.000000,0.000000,0.000000,0.000000,0.000000,0.000000
1779333527097.499,0,0,-1,0.000000,0.000000,0.000000,0.000000,0.000000,0.000000,0.000000,0,0,-1,0.000000,0.000000,0.000000,0.000000,0.000000,0.000000,0.000000
1779333527130.832,0,0,-1,0.000000,0.000000,0.000000,0.000000,0.000000,0.000000,0.000000,0,0,-1,0.000000,0.000000,0.000000,0.000000,0.000000,0.000000,0.000000
1779333527164.166,0,0,-1,0.000000,0.000000,0.000000,0.000000,0.000000,0.000000,0.000000,0,0,-1,0.000000,0.000000,0.000000,0.000000,0.000000,0.000000,0.000000
1779333527197.499,0,0,-1,0.000000,0.000000,0.000000,0.000000,0.000000,0.000000,0.000000,0,0,-1,0.000000,0.000000,0.000000,0.000000,0.000000,0.000000,0.000000
1779333527230.832,0,0,-1,0.000000,0.000000,0.000000,0.000000,0.000000,0.000000,0.000000,0,0,-1,0.000000,0.000000,0.000000,0.000000,0.000000,0.000000,0.000000
1779333527264.166,0,0,-1,0.000000,0.000000,0.000000,0.000000,0.000000,0.000000,0.000000,0,0,-1,0.000000,0.000000,0.000000,0.000000,0.000000,0.000000,0.000000
1779333527297.499,0,0,-1,0.000000,0.000000,0.000000,0.000000,0.000000,0.000000,0.000000,0,0,-1,0.000000,0.000000,0.000000,0.000000,0.000000,0.000000,0.000000
1779333527330.832,0,0,-1,0.000000,0.000000,0.000000,0.000000,0.000000,0.000000,0.000000,0,0,-1,0.000000,0.000000,0.000000,0.000000,0.000000,0.000000,0.000000
1779333527364.166,0,0,-1,0.000000,0.000000,0.000000,0.000000,0.000000,0.000000,0.000000,0,0,-1,0.000000,0.000000,0.000000,0.000000,0.000000,0.000000,0.000000
1779333527397.499,0,0,-1,0.000000,0.000000,0.000000,0.000000,0.000000,0.000000,0.000000,0,0,-1,0.000000,0.000000,0.000000,0.000000,0.000000,0.000000,0.000000
1779333527430.832,0,0,-1,0.000000,0.000000,0.000000,0.000000,0.000000,0.000000,0.000000,0,0,-1,0.000000,0.000000,0.000000,0.000000,0.000000,0.000000,0.000000
1779333527464.166,0,0,-1,0.000000,0.000000,0.000000,0.000000,0.000000,0.000000,0.000000,0,0,-1,0.000000,0.000000,0.000000,0.000000,0.000000,0.000000,0.000000
1779333527497.499,0,0,-1,0.000000,0.000000,0.000000,0.000000,0.000000,0.000000,0.000000,0,0,-1,0.000000,0.000000,0.000000,0.000000,0.000000,0.000000,0.000000
1779333527530.832,0,0,-1,0.000000,0.000000,0.000000,0.000000,0.000000,0.000000,0.000000,0,0,-1,0.000000,0.000000,0.000000,0.000000,0.000000,0.000000,0.000000
1779333527564.166,0,0,-1,0.000000,0.000000,0.000000,0.000000,0.000000,0.000000,0.000000,0,0,-1,0.000000,0.000000,0.000000,0.000000,0.000000,0.000000,0.000000
1779333527597.499,0,0,-1,0.000000,0.000000,0.000000,0.000000,0.000000,0.000000,0.000000,0,0,-1,0.000000,0.000000,0.000000,0.000000,0.000000,0.000000,0.000000
1779333527630.832,0,0,-1,0.000000,0.000000,0.000000,0.000000,0.000000,0.000000,0.000000,0,0,-1,0.000000,0.000000,0.000000,0.000000,0.000000,0.000000,0.000000
1779333527664.166,0,0,-1,0.000000,0.000000,0.000000,0.000000,0.000000,0.000000,0.000000,0,0,-1,0.000000,0.000000,0.000000,0.000000,0.000000,0.000000,0.000000
1779333527697.499,0,0,-1,0.000000,0.000000,0.000000,0.000000,0.000000,0.000000,0.000000,0,0,-1,0.000000,0.000000,0.000000,0.000000,0.000000,0.000000,0.000000
1779333527730.832,0,0,-1,0.000000,0.000000,0.000000,0.000000,0.000000,0.000000,0.000000,0,0,-1,0.000000,0.000000,0.000000,0.000000,0.000000,0.000000,0.000000
1779333527764.166,0,0,-1,0.000000,0.000000,0.000000,0.000000,0.000000,0.000000,0.000000,0,0,-1,0.000000,0.000000,0.000000,0.000000,0.000000,0.000000,0.000000
1779333527797.499,0,0,-1,0.000000,0.000000,0.000000,0.000000,0.000000,0.000000,0.000000,0,0,-1,0.000000,0.000000,0.000000,0.000000,0.000000,0.000000,0.000000
1779333527830.832,0,0,-1,0.000000,0.000000,0.000000,0.000000,0.000000,0.000000,0.000000,0,0,-1,0.000000,0.000000,0.000000,0.000000,0.000000,0.000000,0.000000
1779333527864.166,0,0,-1,0.000000,0.000000,0.000000,0.000000,0.000000,0.000000,0.000000,0,0,-1,0.000000,0.000000,0.000000,0.000000,0.000000,0.000000,0.000000
1779333527897.499,0,0,-1,0.000000,0.000000,0.000000,0.000000,0.000000,0.000000,0.000000,0,0,-1,0.000000,0.000000,0.000000,0.000000,0.000000,0.000000,0.000000
1779333527930.832,0,0,-1,0.000000,0.000000,0.000000,0.000000,0.000000,0.000000,0.000000,0,0,-1,0.000000,0.000000,0.000000,0.000000,0.000000,0.000000,0.000000
1779333527964.166,0,0,-1,0.000000,0.000000,0.000000,0.000000,0.000000,0.000000,0.000000,0,0,-1,0.000000,0.000000,0.000000,0.000000,0.000000,0.000000,0.000000
1779333527997.499,0,0,-1,0.000000,0.000000,0.000000,0.000000,0.000000,0.000000,0.000000,0,0,-1,0.000000,0.000000,0.000000,0.000000,0.000000,0.000000,0.000000
1779333528030.832,0,0,-1,0.000000,0.000000,0.000000,0.000000,0.000000,0.000000,0.000000,0,0,-1,0.000000,0.000000,0.000000,0.000000,0.000000,0.000000,0.000000
1779333528064.166,0,0,-1,0.000000,0.000000,0.000000,0.000000,0.000000,0.000000,0.000000,0,0,-1,0.000000,0.000000,0.000000,0.000000,0.000000,0.000000,0.000000
1779333528097.499,0,0,-1,0.000000,0.000000,0.000000,0.000000,0.000000,0.000000,0.000000,0,0,-1,0.000000,0.000000,0.000000,0.000000,0.000000,0.000000,0.000000
1779333528130.832,0,0,-1,0.000000,0.000000,0.000000,0.000000,0.000000,0.000000,0.000000,0,0,-1,0.000000,0.000000,0.000000,0.000000,0.000000,0.000000,0.000000
1779333528164.166,0,0,-1,0.000000,0.000000,0.000000,0.000000,0.000000,0.000000,0.000000,0,0,-1,0.000000,0.000000,0.000000,0.000000,0.000000,0.000000,0.000000
1779333528197.499,0,0,-1,0.000000,0.000000,0.000000,0.000000,0.000000,0.000000,0.000000,0,0,-1,0.000000,0.000000,0.000000,0.000000,0.000000,0.000000,0.000000
1779333528230.832,0,0,-1,0.000000,0.000000,0.000000,0.000000,0.000000,0.000000,0.000000,0,0,-1,0.000000,0.000000,0.000000,0.000000,0.000000,0.000000,0.000000
1779333528264.166,0,0,-1,0.000000,0.000000,0.000000,0.000000,0.000000,0.000000,0.000000,0,0,-1,0.000000,0.000000,0.000000,0.000000,0.000000,0.000000,0.000000
1779333528297.499,0,0,-1,0.000000,0.000000,0.000000,0.000000,0.000000,0.000000,0.000000,0,0,-1,0.000000,0.000000,0.000000,0.000000,0.000000,0.000000,0.000000
1779333528330.832,0,0,-1,0.000000,0.000000,0.000000,0.000000,0.000000,0.000000,0.000000,0,0,-1,0.000000,0.000000,0.000000,0.000000,0.000000,0.000000,0.000000
1779333528364.166,0,0,-1,0.000000,0.000000,0.000000,0.000000,0.000000,0.000000,0.000000,0,0,-1,0.000000,0.000000,0.000000,0.000000,0.000000,0.000000,0.000000
1779333528397.499,0,0,-1,0.000000,0.000000,0.000000,0.000000,0.000000,0.000000,0.000000,0,0,-1,0.000000,0.000000,0.000000,0.000000,0.000000,0.000000,0.000000
1779333528430.832,0,0,-1,0.000000,0.000000,0.000000,0.000000,0.000000,0.000000,0.000000,0,0,-1,0.000000,0.000000,0.000000,0.000000,0.000000,0.000000,0.000000
1779333528464.166,0,0,-1,0.000000,0.000000,0.000000,0.000000,0.000000,0.000000,0.000000,0,0,-1,0.000000,0.000000,0.000000,0.000000,0.000000,0.000000,0.000000
1779333528497.499,0,0,-1,0.000000,0.000000,0.000000,0.000000,0.000000,0.000000,0.000000,0,0,-1,0.000000,0.000000,0.000000,0.000000,0.000000,0.000000,0.000000
1779333528530.832,0,0,-1,0.000000,0.000000,0.000000,0.000000,0.000000,0.000000,0.000000,0,0,-1,0.000000,0.000000,0.000000,0.000000,0.000000,0.000000,0.000000
1779333528564.166,0,0,-1,0.000000,0.000000,0.000000,0.000000,0.000000,0.000000,0.000000,0,0,-1,0.000000,0.000000,0.000000,0.000000,0.000000,0.000000,0.000000
1779333528597.499,0,0,-1,0.000000,0.000000,0.000000,0.000000,0.000000,0.000000,0.000000,0,0,-1,0.000000,0.000000,0.000000,0.000000,0.000000,0.000000,0.000000
1779333528630.832,0,0,-1,0.000000,0.000000,0.000000,0.000000,0.000000,0.000000,0.000000,0,0,-1,0.000000,0.000000,0.000000,0.000000,0.000000,0.000000,0.000000
1779333528664.166,0,0,-1,0.000000,0.000000,0.000000,0.000000,0.000000,0.000000,0.000000,0,0,-1,0.000000,0.000000,0.000000,0.000000,0.000000,0.000000,0.000000
1779333528697.499,0,0,-1,0.000000,0.000000,0.000000,0.000000,0.000000,0.000000,0.000000,0,0,-1,0.000000,0.000000,0.000000,0.000000,0.000000,0.000000,0.000000
1779333528730.832,0,0,-1,0.000000,0.000000,0.000000,0.000000,0.000000,0.000000,0.000000,0,0,-1,0.000000,0.000000,0.000000,0.000000,0.000000,0.000000,0.000000
1779333528764.166,0,0,-1,0.000000,0.000000,0.000000,0.000000,0.000000,0.000000,0.000000,0,0,-1,0.000000,0.000000,0.000000,0.000000,0.000000,0.000000,0.000000
1779333528797.499,0,0,-1,0.000000,0.000000,0.000000,0.000000,0.000000,0.000000,0.000000,0,0,-1,0.000000,0.000000,0.000000,0.000000,0.000000,0.000000,0.000000
1779333528830.832,0,0,-1,0.000000,0.000000,0.000000,0.000000,0.000000,0.000000,0.000000,0,0,-1,0.000000,0.000000,0.000000,0.000000,0.000000,0.000000,0.000000
1779333528864.166,0,0,-1,0.000000,0.000000,0.000000,0.000000,0.000000,0.000000,0.000000,0,0,-1,0.000000,0.000000,0.000000,0.000000,0.000000,0.000000,0.000000
1779333528897.499,0,0,-1,0.000000,0.000000,0.000000,0.000000,0.000000,0.000000,0.000000,0,0,-1,0.000000,0.000000,0.000000,0.000000,0.000000,0.000000,0.000000
1779333528930.832,0,0,-1,0.000000,0.000000,0.000000,0.000000,0.000000,0.000000,0.000000,0,0,-1,0.000000,0.000000,0.000000,0.000000,0.000000,0.000000,0.000000
1779333528964.166,0,0,-1,0.000000,0.000000,0.000000,0.000000,0.000000,0.000000,0.000000,0,0,-1,0.000000,0.000000,0.000000,0.000000,0.000000,0.000000,0.000000
1779333528997.499,0,0,-1,0.000000,0.000000,0.000000,0.000000,0.000000,0.000000,0.000000,0,0,-1,0.000000,0.000000,0.000000,0.000000,0.000000,0.000000,0.000000
1779333529030.832,0,0,-1,0.000000,0.000000,0.000000,0.000000,0.000000,0.000000,0.000000,0,0,-1,0.000000,0.000000,0.000000,0.000000,0.000000,0.000000,0.000000
1779333529064.166,0,0,-1,0.000000,0.000000,0.000000,0.000000,0.000000,0.000000,0.000000,0,0,-1,0.000000,0.000000,0.000000,0.000000,0.000000,0.000000,0.000000
1779333529097.499,0,0,-1,0.000000,0.000000,0.000000,0.000000,0.000000,0.000000,0.000000,0,0,-1,0.000000,0.000000,0.000000,0.000000,0.000000,0.000000,0.000000
1779333529130.832,0,0,-1,0.000000,0.000000,0.000000,0.000000,0.000000,0.000000,0.000000,0,0,-1,0.000000,0.000000,0.000000,0.000000,0.000000,0.000000,0.000000
1779333529164.166,0,0,-1,0.000000,0.000000,0.000000,0.000000,0.000000,0.000000,0.000000,0,0,-1,0.000000,0.000000,0.000000,0.000000,0.000000,0.000000,0.000000
1779333529197.499,0,0,-1,0.000000,0.000000,0.000000,0.000000,0.000000,0.000000,0.000000,0,0,-1,0.000000,0.000000,0.000000,0.000000,0.000000,0.000000,0.000000
1779333529230.832,0,0,-1,0.000000,0.000000,0.000000,0.000000,0.000000,0.000000,0.000000,0,0,-1,0.000000,0.000000,0.000000,0.000000,0.000000,0.000000,0.000000
1779333529264.166,0,0,-1,0.000000,0.000000,0.000000,0.000000,0.000000,0.000000,0.000000,0,0,-1,0.000000,0.000000,0.000000,0.000000,0.000000,0.000000,0.000000
1779333529297.499,0,0,-1,0.000000,0.000000,0.000000,0.000000,0.000000,0.000000,0.000000,0,0,-1,0.000000,0.000000,0.000000,0.000000,0.000000,0.000000,0.000000
1779333529330.832,0,0,-1,0.000000,0.000000,0.000000,0.000000,0.000000,0.000000,0.000000,0,0,-1,0.000000,0.000000,0.000000,0.000000,0.000000,0.000000,0.000000
1779333529364.166,0,0,-1,0.000000,0.000000,0.000000,0.000000,0.000000,0.000000,0.000000,0,0,-1,0.000000,0.000000,0.000000,0.000000,0.000000,0.000000,0.000000
1779333529397.499,0,0,-1,0.000000,0.000000,0.000000,0.000000,0.000000,0.000000,0.000000,0,0,-1,0.000000,0.000000,0.000000,0.000000,0.000000,0.000000,0.000000
1779333529430.832,0,0,-1,0.000000,0.000000,0.000000,0.000000,0.000000,0.000000,0.000000,0,0,-1,0.000000,0.000000,0.000000,0.000000,0.000000,0.000000,0.000000
1779333529464.166,0,0,-1,0.000000,0.000000,0.000000,0.000000,0.000000,0.000000,0.000000,0,0,-1,0.000000,0.000000,0.000000,0.000000,0.000000,0.000000,0.000000
1779333529497.499,0,0,-1,0.000000,0.000000,0.000000,0.000000,0.000000,0.000000,0.000000,0,0,-1,0.000000,0.000000,0.000000,0.000000,0.000000,0.000000,0.000000
1779333529530.832,0,0,-1,0.000000,0.000000,0.000000,0.000000,0.000000,0.000000,0.000000,0,0,-1,0.000000,0.000000,0.000000,0.000000,0.000000,0.000000,0.000000
1779333529564.166,0,0,-1,0.000000,0.000000,0.000000,0.000000,0.000000,0.000000,0.000000,0,0,-1,0.000000,0.000000,0.000000,0.000000,0.000000,0.000000,0.000000
1779333529597.499,0,0,-1,0.000000,0.000000,0.000000,0.000000,0.000000,0.000000,0.000000,0,0,-1,0.000000,0.000000,0.000000,0.000000,0.000000,0.000000,0.000000
1779333529630.832,0,0,-1,0.000000,0.000000,0.000000,0.000000,0.000000,0.000000,0.000000,0,0,-1,0.000000,0.000000,0.000000,0.000000,0.000000,0.000000,0.000000
1779333529664.166,0,0,-1,0.000000,0.000000,0.000000,0.000000,0.000000,0.000000,0.000000,0,0,-1,0.000000,0.000000,0.000000,0.000000,0.000000,0.000000,0.000000
1779333529697.499,0,0,-1,0.000000,0.000000,0.000000,0.000000,0.000000,0.000000,0.000000,0,0,-1,0.000000,0.000000,0.000000,0.000000,0.000000,0.000000,0.000000
1779333529730.832,0,0,-1,0.000000,0.000000,0.000000,0.000000,0.000000,0.000000,0.000000,0,0,-1,0.000000,0.000000,0.000000,0.000000,0.000000,0.000000,0.000000
1779333529764.166,0,0,-1,0.000000,0.000000,0.000000,0.000000,0.000000,0.000000,0.000000,0,0,-1,0.000000,0.000000,0.000000,0.000000,0.000000,0.000000,0.000000
1779333529797.499,0,0,-1,0.000000,0.000000,0.000000,0.000000,0.000000,0.000000,0.000000,0,0,-1,0.000000,0.000000,0.000000,0.000000,0.000000,0.000000,0.000000
1779333529830.832,0,0,-1,0.000000,0.000000,0.000000,0.000000,0.000000,0.000000,0.000000,0,0,-1,0.000000,0.000000,0.000000,0.000000,0.000000,0.000000,0.000000
1779333529864.166,0,0,-1,0.000000,0.000000,0.000000,0.000000,0.000000,0.000000,0.000000,0,0,-1,0.000000,0.000000,0.000000,0.000000,0.000000,0.000000,0.000000
1779333529897.499,0,0,-1,0.000000,0.000000,0.000000,0.000000,0.000000,0.000000,0.000000,0,0,-1,0.000000,0.000000,0.000000,0.000000,0.000000,0.000000,0.000000
1779333529930.832,0,0,-1,0.000000,0.000000,0.000000,0.000000,0.000000,0.000000,0.000000,0,0,-1,0.000000,0.000000,0.000000,0.000000,0.000000,0.000000,0.000000
1779333529964.166,0,0,-1,0.000000,0.000000,0.000000,0.000000,0.000000,0.000000,0.000000,0,0,-1,0.000000,0.000000,0.000000,0.000000,0.000000,0.000000,0.000000
1779333529997.499,0,0,-1,0.000000,0.000000,0.000000,0.000000,0.000000,0.000000,0.000000,0,0,-1,0.000000,0.000000,0.000000,0.000000,0.000000,0.000000,0.000000
1779333530030.832,0,0,-1,0.000000,0.000000,0.000000,0.000000,0.000000,0.000000,0.000000,0,0,-1,0.000000,0.000000,0.000000,0.000000,0.000000,0.000000,0.000000
1779333530064.166,0,0,-1,0.000000,0.000000,0.000000,0.000000,0.000000,0.000000,0.000000,0,0,-1,0.000000,0.000000,0.000000,0.000000,0.000000,0.000000,0.000000
1779333530097.499,0,0,-1,0.000000,0.000000,0.000000,0.000000,0.000000,0.000000,0.000000,0,0,-1,0.000000,0.000000,0.000000,0.000000,0.000000,0.000000,0.000000
1779333530130.832,0,0,-1,0.000000,0.000000,0.000000,0.000000,0.000000,0.000000,0.000000,0,0,-1,0.000000,0.000000,0.000000,0.000000,0.000000,0.000000,0.000000
1779333530164.166,0,0,-1,0.000000,0.000000,0.000000,0.000000,0.000000,0.000000,0.000000,0,0,-1,0.000000,0.000000,0.000000,0.000000,0.000000,0.000000,0.000000
1779333530197.499,0,0,-1,0.000000,0.000000,0.000000,0.000000,0.000000,0.000000,0.000000,0,0,-1,0.000000,0.000000,0.000000,0.000000,0.000000,0.000000,0.000000
1779333530230.832,0,0,-1,0.000000,0.000000,0.000000,0.000000,0.000000,0.000000,0.000000,0,0,-1,0.000000,0.000000,0.000000,0.000000,0.000000,0.000000,0.000000
1779333530264.166,0,0,-1,0.000000,0.000000,0.000000,0.000000,0.000000,0.000000,0.000000,0,0,-1,0.000000,0.000000,0.000000,0.000000,0.000000,0.000000,0.000000
1779333530297.499,0,0,-1,0.000000,0.000000,0.000000,0.000000,0.000000,0.000000,0.000000,0,0,-1,0.000000,0.000000,0.000000,0.000000,0.000000,0.000000,0.000000
1779333530330.832,0,0,-1,0.000000,0.000000,0.000000,0.000000,0.000000,0.000000,0.000000,0,0,-1,0.000000,0.000000,0.000000,0.000000,0.000000,0.000000,0.000000
1779333530364.166,0,0,-1,0.000000,0.000000,0.000000,0.000000,0.000000,0.000000,0.000000,0,0,-1,0.000000,0.000000,0.000000,0.000000,0.000000,0.000000,0.000000
1779333530397.499,0,0,-1,0.000000,0.000000,0.000000,0.000000,0.000000,0.000000,0.000000,0,0,-1,0.000000,0.000000,0.000000,0.000000,0.000000,0.000000,0.000000
1779333530430.832,0,0,-1,0.000000,0.000000,0.000000,0.000000,0.000000,0.000000,0.000000,0,0,-1,0.000000,0.000000,0.000000,0.000000,0.000000,0.000000,0.000000
1779333530464.166,0,0,-1,0.000000,0.000000,0.000000,0.000000,0.000000,0.000000,0.000000,0,0,-1,0.000000,0.000000,0.000000,0.000000,0.000000,0.000000,0.000000
1779333530497.499,0,0,-1,0.000000,0.000000,0.000000,0.000000,0.000000,0.000000,0.000000,0,0,-1,0.000000,0.000000,0.000000,0.000000,0.000000,0.000000,0.000000
1779333530530.832,0,0,-1,0.000000,0.000000,0.000000,0.000000,0.000000,0.000000,0.000000,0,0,-1,0.000000,0.000000,0.000000,0.000000,0.000000,0.000000,0.000000
1779333530564.166,0,0,-1,0.000000,0.000000,0.000000,0.000000,0.000000,0.000000,0.000000,0,0,-1,0.000000,0.000000,0.000000,0.000000,0.000000,0.000000,0.000000
1779333530597.499,0,0,-1,0.000000,0.000000,0.000000,0.000000,0.000000,0.000000,0.000000,0,0,-1,0.000000,0.000000,0.000000,0.000000,0.000000,0.000000,0.000000
1779333530630.832,0,0,-1,0.000000,0.000000,0.000000,0.000000,0.000000,0.000000,0.000000,0,0,-1,0.000000,0.000000,0.000000,0.000000,0.000000,0.000000,0.000000
1779333530664.166,0,0,-1,0.000000,0.000000,0.000000,0.000000,0.000000,0.000000,0.000000,0,0,-1,0.000000,0.000000,0.000000,0.000000,0.000000,0.000000,0.000000
1779333530697.499,0,0,-1,0.000000,0.000000,0.000000,0.000000,0.000000,0.000000,0.000000,0,0,-1,0.000000,0.000000,0.000000,0.000000,0.000000,0.000000,0.000000
1779333530730.832,0,0,-1,0.000000,0.000000,0.000000,0.000000,0.000000,0.000000,0.000000,0,0,-1,0.000000,0.000000,0.000000,0.000000,0.000000,0.000000,0.000000
1779333530764.166,0,0,-1,0.000000,0.000000,0.000000,0.000000,0.000000,0.000000,0.000000,0,0,-1,0.000000,0.000000,0.000000,0.000000,0.000000,0.000000,0.000000
1779333530797.499,0,0,-1,0.000000,0.000000,0.000000,0.000000,0.000000,0.000000,0.000000,0,0,-1,0.000000,0.000000,0.000000,0.000000,0.000000,0.000000,0.000000
1779333530830.832,0,0,-1,0.000000,0.000000,0.000000,0.000000,0.000000,0.000000,0.000000,0,0,-1,0.000000,0.000000,0.000000,0.000000,0.000000,0.000000,0.000000
1779333530864.166,0,0,-1,0.000000,0.000000,0.000000,0.000000,0.000000,0.000000,0.000000,0,0,-1,0.000000,0.000000,0.000000,0.000000,0.000000,0.000000,0.000000
1779333530897.499,0,0,-1,0.000000,0.000000,0.000000,0.000000,0.000000,0.000000,0.000000,0,0,-1,0.000000,0.000000,0.000000,0.000000,0.000000,0.000000,0.000000
1779333530930.832,0,0,-1,0.000000,0.000000,0.000000,0.000000,0.000000,0.000000,0.000000,0,0,-1,0.000000,0.000000,0.000000,0.000000,0.000000,0.000000,0.000000
1779333530964.166,0,0,-1,0.000000,0.000000,0.000000,0.000000,0.000000,0.000000,0.000000,0,0,-1,0.000000,0.000000,0.000000,0.000000,0.000000,0.000000,0.000000
1779333530997.499,0,0,-1,0.000000,0.000000,0.000000,0.000000,0.000000,0.000000,0.000000,0,0,-1,0.000000,0.000000,0.000000,0.000000,0.000000,0.000000,0.000000
1779333531030.832,0,0,-1,0.000000,0.000000,0.000000,0.000000,0.000000,0.000000,0.000000,0,0,-1,0.000000,0.000000,0.000000,0.000000,0.000000,0.000000,0.000000
1779333531064.166,0,0,-1,0.000000,0.000000,0.000000,0.000000,0.000000,0.000000,0.000000,0,0,-1,0.000000,0.000000,0.000000,0.000000,0.000000,0.000000,0.000000
1779333531097.499,0,0,-1,0.000000,0.000000,0.000000,0.000000,0.000000,0.000000,0.000000,0,0,-1,0.000000,0.000000,0.000000,0.000000,0.000000,0.000000,0.000000
1779333531130.832,0,0,-1,0.000000,0.000000,0.000000,0.000000,0.000000,0.000000,0.000000,0,0,-1,0.000000,0.000000,0.000000,0.000000,0.000000,0.000000,0.000000
1779333531164.166,0,0,-1,0.000000,0.000000,0.000000,0.000000,0.000000,0.000000,0.000000,0,0,-1,0.000000,0.000000,0.000000,0.000000,0.000000,0.000000,0.000000
1779333531197.499,0,0,-1,0.000000,0.000000,0.000000,0.000000,0.000000,0.000000,0.000000,0,0,-1,0.000000,0.000000,0.000000,0.000000,0.000000,0.000000,0.000000
1779333531230.832,0,0,-1,0.000000,0.000000,0.000000,0.000000,0.000000,0.000000,0.000000,0,0,-1,0.000000,0.000000,0.000000,0.000000,0.000000,0.000000,0.000000
1779333531264.166,0,0,-1,0.000000,0.000000,0.000000,0.000000,0.000000,0.000000,0.000000,0,0,-1,0.000000,0.000000,0.000000,0.000000,0.000000,0.000000,0.000000
1779333531297.499,0,0,-1,0.000000,0.000000,0.000000,0.000000,0.000000,0.000000,0.000000,0,0,-1,0.000000,0.000000,0.000000,0.000000,0.000000,0.000000,0.000000
1779333531330.832,0,0,-1,0.000000,0.000000,0.000000,0.000000,0.000000,0.000000,0.000000,0,0,-1,0.000000,0.000000,0.000000,0.000000,0.000000,0.000000,0.000000
1779333531364.166,0,0,-1,0.000000,0.000000,0.000000,0.000000,0.000000,0.000000,0.000000,0,0,-1,0.000000,0.000000,0.000000,0.000000,0.000000,0.000000,0.000000
1779333531397.499,0,0,-1,0.000000,0.000000,0.000000,0.000000,0.000000,0.000000,0.000000,0,0,-1,0.000000,0.000000,0.000000,0.000000,0.000000,0.000000,0.000000
1779333531430.832,0,0,-1,0.000000,0.000000,0.000000,0.000000,0.000000,0.000000,0.000000,0,0,-1,0.000000,0.000000,0.000000,0.000000,0.000000,0.000000,0.000000
1779333531464.166,0,0,-1,0.000000,0.000000,0.000000,0.000000,0.000000,0.000000,0.000000,0,0,-1,0.000000,0.000000,0.000000,0.000000,0.000000,0.000000,0.000000
1779333531497.499,0,0,-1,0.000000,0.000000,0.000000,0.000000,0.000000,0.000000,0.000000,0,0,-1,0.000000,0.000000,0.000000,0.000000,0.000000,0.000000,0.000000
1779333531530.832,0,0,-1,0.000000,0.000000,0.000000,0.000000,0.000000,0.000000,0.000000,0,0,-1,0.000000,0.000000,0.000000,0.000000,0.000000,0.000000,0.000000
1779333531564.166,0,0,-1,0.000000,0.000000,0.000000,0.000000,0.000000,0.000000,0.000000,0,0,-1,0.000000,0.000000,0.000000,0.000000,0.000000,0.000000,0.000000
1779333531597.499,0,0,-1,0.000000,0.000000,0.000000,0.000000,0.000000,0.000000,0.000000,0,0,-1,0.000000,0.000000,0.000000,0.000000,0.000000,0.000000,0.000000
1779333531630.832,0,0,-1,0.000000,0.000000,0.000000,0.000000,0.000000,0.000000,0.000000,0,0,-1,0.000000,0.000000,0.000000,0.000000,0.000000,0.000000,0.000000
1779333531664.166,0,0,-1,0.000000,0.000000,0.000000,0.000000,0.000000,0.000000,0.000000,0,0,-1,0.000000,0.000000,0.000000,0.000000,0.000000,0.000000,0.000000
1779333531697.499,0,0,-1,0.000000,0.000000,0.000000,0.000000,0.000000,0.000000,0.000000,0,0,-1,0.000000,0.000000,0.000000,0.000000,0.000000,0.000000,0.000000
1779333531730.832,0,0,-1,0.000000,0.000000,0.000000,0.000000,0.000000,0.000000,0.000000,0,0,-1,0.000000,0.000000,0.000000,0.000000,0.000000,0.000000,0.000000
1779333531764.166,0,0,-1,0.000000,0.000000,0.000000,0.000000,0.000000,0.000000,0.000000,0,0,-1,0.000000,0.000000,0.000000,0.000000,0.000000,0.000000,0.000000
1779333531797.499,0,0,-1,0.000000,0.000000,0.000000,0.000000,0.000000,0.000000,0.000000,0,0,-1,0.000000,0.000000,0.000000,0.000000,0.000000,0.000000,0.000000
1779333531830.832,0,0,-1,0.000000,0.000000,0.000000,0.000000,0.000000,0.000000,0.000000,0,0,-1,0.000000,0.000000,0.000000,0.000000,0.000000,0.000000,0.000000
1779333531864.166,0,0,-1,0.000000,0.000000,0.000000,0.000000,0.000000,0.000000,0.000000,0,0,-1,0.000000,0.000000,0.000000,0.000000,0.000000,0.000000,0.000000
1779333531897.499,0,0,-1,0.000000,0.000000,0.000000,0.000000,0.000000,0.000000,0.000000,0,0,-1,0.000000,0.000000,0.000000,0.000000,0.000000,0.000000,0.000000
1779333531930.832,0,0,-1,0.000000,0.000000,0.000000,0.000000,0.000000,0.000000,0.000000,0,0,-1,0.000000,0.000000,0.000000,0.000000,0.000000,0.000000,0.000000
1779333531964.166,0,0,-1,0.000000,0.000000,0.000000,0.000000,0.000000,0.000000,0.000000,0,0,-1,0.000000,0.000000,0.000000,0.000000,0.000000,0.000000,0.000000
1779333531997.499,0,0,-1,0.000000,0.000000,0.000000,0.000000,0.000000,0.000000,0.000000,0,0,-1,0.000000,0.000000,0.000000,0.000000,0.000000,0.000000,0.000000
1779333532030.832,0,0,-1,0.000000,0.000000,0.000000,0.000000,0.000000,0.000000,0.000000,0,0,-1,0.000000,0.000000,0.000000,0.000000,0.000000,0.000000,0.000000
1779333532064.166,0,0,-1,0.000000,0.000000,0.000000,0.000000,0.000000,0.000000,0.000000,0,0,-1,0.000000,0.000000,0.000000,0.000000,0.000000,0.000000,0.000000
1779333532097.499,0,0,-1,0.000000,0.000000,0.000000,0.000000,0.000000,0.000000,0.000000,0,0,-1,0.000000,0.000000,0.000000,0.000000,0.000000,0.000000,0.000000
1779333532130.832,0,0,-1,0.000000,0.000000,0.000000,0.000000,0.000000,0.000000,0.000000,0,0,-1,0.000000,0.000000,0.000000,0.000000,0.000000,0.000000,0.000000
1779333532164.166,0,0,-1,0.000000,0.000000,0.000000,0.000000,0.000000,0.000000,0.000000,0,0,-1,0.000000,0.000000,0.000000,0.000000,0.000000,0.000000,0.000000
1779333532197.499,0,0,-1,0.000000,0.000000,0.000000,0.000000,0.000000,0.000000,0.000000,0,0,-1,0.000000,0.000000,0.000000,0.000000,0.000000,0.000000,0.000000
1779333532230.832,0,0,-1,0.000000,0.000000,0.000000,0.000000,0.000000,0.000000,0.000000,0,0,-1,0.000000,0.000000,0.000000,0.000000,0.000000,0.000000,0.000000
1779333532264.166,0,0,-1,0.000000,0.000000,0.000000,0.000000,0.000000,0.000000,0.000000,0,0,-1,0.000000,0.000000,0.000000,0.000000,0.000000,0.000000,0.000000
1779333532297.499,0,0,-1,0.000000,0.000000,0.000000,0.000000,0.000000,0.000000,0.000000,0,0,-1,0.000000,0.000000,0.000000,0.000000,0.000000,0.000000,0.000000
1779333532330.832,0,0,-1,0.000000,0.000000,0.000000,0.000000,0.000000,0.000000,0.000000,0,0,-1,0.000000,0.000000,0.000000,0.000000,0.000000,0.000000,0.000000
1779333532364.166,0,0,-1,0.000000,0.000000,0.000000,0.000000,0.000000,0.000000,0.000000,0,0,-1,0.000000,0.000000,0.000000,0.000000,0.000000,0.000000,0.000000
1779333532397.499,0,0,-1,0.000000,0.000000,0.000000,0.000000,0.000000,0.000000,0.000000,0,0,-1,0.000000,0.000000,0.000000,0.000000,0.000000,0.000000,0.000000
1779333532430.832,0,0,-1,0.000000,0.000000,0.000000,0.000000,0.000000,0.000000,0.000000,0,0,-1,0.000000,0.000000,0.000000,0.000000,0.000000,0.000000,0.000000
1779333532464.166,0,0,-1,0.000000,0.000000,0.000000,0.000000,0.000000,0.000000,0.000000,0,0,-1,0.000000,0.000000,0.000000,0.000000,0.000000,0.000000,0.000000
1779333532497.499,0,0,-1,0.000000,0.000000,0.000000,0.000000,0.000000,0.000000,0.000000,0,0,-1,0.000000,0.000000,0.000000,0.000000,0.000000,0.000000,0.000000
1779333532530.832,0,0,-1,0.000000,0.000000,0.000000,0.000000,0.000000,0.000000,0.000000,0,0,-1,0.000000,0.000000,0.000000,0.000000,0.000000,0.000000,0.000000
1779333532564.166,0,0,-1,0.000000,0.000000,0.000000,0.000000,0.000000,0.000000,0.000000,0,0,-1,0.000000,0.000000,0.000000,0.000000,0.000000,0.000000,0.000000
1779333532597.499,0,0,-1,0.000000,0.000000,0.000000,0.000000,0.000000,0.000000,0.000000,0,0,-1,0.000000,0.000000,0.000000,0.000000,0.000000,0.000000,0.000000
1779333532630.832,0,0,-1,0.000000,0.000000,0.000000,0.000000,0.000000,0.000000,0.000000,0,0,-1,0.000000,0.000000,0.000000,0.000000,0.000000,0.000000,0.000000
1779333532664.166,0,0,-1,0.000000,0.000000,0.000000,0.000000,0.000000,0.000000,0.000000,0,0,-1,0.000000,0.000000,0.000000,0.000000,0.000000,0.000000,0.000000
1779333532697.499,0,0,-1,0.000000,0.000000,0.000000,0.000000,0.000000,0.000000,0.000000,0,0,-1,0.000000,0.000000,0.000000,0.000000,0.000000,0.000000,0.000000
1779333532730.832,0,0,-1,0.000000,0.000000,0.000000,0.000000,0.000000,0.000000,0.000000,0,0,-1,0.000000,0.000000,0.000000,0.000000,0.000000,0.000000,0.000000
1779333532764.166,0,0,-1,0.000000,0.000000,0.000000,0.000000,0.000000,0.000000,0.000000,0,0,-1,0.000000,0.000000,0.000000,0.000000,0.000000,0.000000,0.000000
1779333532797.499,0,0,-1,0.000000,0.000000,0.000000,0.000000,0.000000,0.000000,0.000000,0,0,-1,0.000000,0.000000,0.000000,0.000000,0.000000,0.000000,0.000000
1779333532830.832,0,0,-1,0.000000,0.000000,0.000000,0.000000,0.000000,0.000000,0.000000,0,0,-1,0.000000,0.000000,0.000000,0.000000,0.000000,0.000000,0.000000
1779333532864.166,0,0,-1,0.000000,0.000000,0.000000,0.000000,0.000000,0.000000,0.000000,0,0,-1,0.000000,0.000000,0.000000,0.000000,0.000000,0.000000,0.000000
1779333532897.499,0,0,-1,0.000000,0.000000,0.000000,0.000000,0.000000,0.000000,0.000000,0,0,-1,0.000000,0.000000,0.000000,0.000000,0.000000,0.000000,0.000000
1779333532930.832,0,0,-1,0.000000,0.000000,0.000000,0.000000,0.000000,0.000000,0.000000,0,0,-1,0.000000,0.000000,0.000000,0.000000,0.000000,0.000000,0.000000
1779333532964.166,0,0,-1,0.000000,0.000000,0.000000,0.000000,0.000000,0.000000,0.000000,0,0,-1,0.000000,0.000000,0.000000,0.000000,0.000000,0.000000,0.000000
1779333532997.499,0,0,-1,0.000000,0.000000,0.000000,0.000000,0.000000,0.000000,0.000000,0,0,-1,0.000000,0.000000,0.000000,0.000000,0.000000,0.000000,0.000000
1779333533030.832,0,0,-1,0.000000,0.000000,0.000000,0.000000,0.000000,0.000000,0.000000,0,0,-1,0.000000,0.000000,0.000000,0.000000,0.000000,0.000000,0.000000
1779333533064.166,0,0,-1,0.000000,0.000000,0.000000,0.000000,0.000000,0.000000,0.000000,0,0,-1,0.000000,0.000000,0.000000,0.000000,0.000000,0.000000,0.000000
1779333533097.499,0,0,-1,0.000000,0.000000,0.000000,0.000000,0.000000,0.000000,0.000000,0,0,-1,0.000000,0.000000,0.000000,0.000000,0.000000,0.000000,0.000000
1779333533130.832,0,0,-1,0.000000,0.000000,0.000000,0.000000,0.000000,0.000000,0.000000,0,0,-1,0.000000,0.000000,0.000000,0.000000,0.000000,0.000000,0.000000
1779333533164.166,0,0,-1,0.000000,0.000000,0.000000,0.000000,0.000000,0.000000,0.000000,0,0,-1,0.000000,0.000000,0.000000,0.000000,0.000000,0.000000,0.000000
1779333533197.499,0,0,-1,0.000000,0.000000,0.000000,0.000000,0.000000,0.000000,0.000000,0,0,-1,0.000000,0.000000,0.000000,0.000000,0.000000,0.000000,0.000000
1779333533230.832,0,0,-1,0.000000,0.000000,0.000000,0.000000,0.000000,0.000000,0.000000,0,0,-1,0.000000,0.000000,0.000000,0.000000,0.000000,0.000000,0.000000
1779333533264.166,0,0,-1,0.000000,0.000000,0.000000,0.000000,0.000000,0.000000,0.000000,0,0,-1,0.000000,0.000000,0.000000,0.000000,0.000000,0.000000,0.000000
1779333533297.499,0,0,-1,0.000000,0.000000,0.000000,0.000000,0.000000,0.000000,0.000000,0,0,-1,0.000000,0.000000,0.000000,0.000000,0.000000,0.000000,0.000000
1779333533330.832,0,0,-1,0.000000,0.000000,0.000000,0.000000,0.000000,0.000000,0.000000,0,0,-1,0.000000,0.000000,0.000000,0.000000,0.000000,0.000000,0.000000
1779333533364.166,0,0,-1,0.000000,0.000000,0.000000,0.000000,0.000000,0.000000,0.000000,0,0,-1,0.000000,0.000000,0.000000,0.000000,0.000000,0.000000,0.000000
1779333533397.499,0,0,-1,0.000000,0.000000,0.000000,0.000000,0.000000,0.000000,0.000000,0,0,-1,0.000000,0.000000,0.000000,0.000000,0.000000,0.000000,0.000000
1779333533430.832,0,0,-1,0.000000,0.000000,0.000000,0.000000,0.000000,0.000000,0.000000,0,0,-1,0.000000,0.000000,0.000000,0.000000,0.000000,0.000000,0.000000
1779333533464.166,0,0,-1,0.000000,0.000000,0.000000,0.000000,0.000000,0.000000,0.000000,0,0,-1,0.000000,0.000000,0.000000,0.000000,0.000000,0.000000,0.000000
1779333533497.499,0,0,-1,0.000000,0.000000,0.000000,0.000000,0.000000,0.000000,0.000000,0,0,-1,0.000000,0.000000,0.000000,0.000000,0.000000,0.000000,0.000000
1779333533530.832,0,0,-1,0.000000,0.000000,0.000000,0.000000,0.000000,0.000000,0.000000,0,0,-1,0.000000,0.000000,0.000000,0.000000,0.000000,0.000000,0.000000
1779333533564.166,0,0,-1,0.000000,0.000000,0.000000,0.000000,0.000000,0.000000,0.000000,0,0,-1,0.000000,0.000000,0.000000,0.000000,0.000000,0.000000,0.000000
1779333533597.499,0,0,-1,0.000000,0.000000,0.000000,0.000000,0.000000,0.000000,0.000000,0,0,-1,0.000000,0.000000,0.000000,0.000000,0.000000,0.000000,0.000000
1779333533630.832,0,0,-1,0.000000,0.000000,0.000000,0.000000,0.000000,0.000000,0.000000,0,0,-1,0.000000,0.000000,0.000000,0.000000,0.000000,0.000000,0.000000
1779333533664.166,0,0,-1,0.000000,0.000000,0.000000,0.000000,0.000000,0.000000,0.000000,0,0,-1,0.000000,0.000000,0.000000,0.000000,0.000000,0.000000,0.000000
1779333533697.499,0,0,-1,0.000000,0.000000,0.000000,0.000000,0.000000,0.000000,0.000000,0,0,-1,0.000000,0.000000,0.000000,0.000000,0.000000,0.000000,0.000000
1779333533730.832,0,0,-1,0.000000,0.000000,0.000000,0.000000,0.000000,0.000000,0.000000,0,0,-1,0.000000,0.000000,0.000000,0.000000,0.000000,0.000000,0.000000
1779333533764.166,0,0,-1,0.000000,0.000000,0.000000,0.000000,0.000000,0.000000,0.000000,0,0,-1,0.000000,0.000000,0.000000,0.000000,0.000000,0.000000,0.000000
1779333533797.499,0,0,-1,0.000000,0.000000,0.000000,0.000000,0.000000,0.000000,0.000000,0,0,-1,0.000000,0.000000,0.000000,0.000000,0.000000,0.000000,0.000000
1779333533830.832,0,0,-1,0.000000,0.000000,0.000000,0.000000,0.000000,0.000000,0.000000,0,0,-1,0.000000,0.000000,0.000000,0.000000,0.000000,0.000000,0.000000
1779333533864.166,0,0,-1,0.000000,0.000000,0.000000,0.000000,0.000000,0.000000,0.000000,0,0,-1,0.000000,0.000000,0.000000,0.000000,0.000000,0.000000,0.000000
1779333533897.499,0,0,-1,0.000000,0.000000,0.000000,0.000000,0.000000,0.000000,0.000000,0,0,-1,0.000000,0.000000,0.000000,0.000000,0.000000,0.000000,0.000000
1779333533930.832,0,0,-1,0.000000,0.000000,0.000000,0.000000,0.000000,0.000000,0.000000,0,0,-1,0.000000,0.000000,0.000000,0.000000,0.000000,0.000000,0.000000
1779333533964.166,0,0,-1,0.000000,0.000000,0.000000,0.000000,0.000000,0.000000,0.000000,0,0,-1,0.000000,0.000000,0.000000,0.000000,0.000000,0.000000,0.000000
1779333533997.499,0,0,-1,0.000000,0.000000,0.000000,0.000000,0.000000,0.000000,0.000000,0,0,-1,0.000000,0.000000,0.000000,0.000000,0.000000,0.000000,0.000000
1779333534030.832,0,0,-1,0.000000,0.000000,0.000000,0.000000,0.000000,0.000000,0.000000,0,0,-1,0.000000,0.000000,0.000000,0.000000,0.000000,0.000000,0.000000
1779333534064.166,0,0,-1,0.000000,0.000000,0.000000,0.000000,0.000000,0.000000,0.000000,0,0,-1,0.000000,0.000000,0.000000,0.000000,0.000000,0.000000,0.000000
1779333534097.499,0,0,-1,0.000000,0.000000,0.000000,0.000000,0.000000,0.000000,0.000000,0,0,-1,0.000000,0.000000,0.000000,0.000000,0.000000,0.000000,0.000000
1779333534130.832,0,0,-1,0.000000,0.000000,0.000000,0.000000,0.000000,0.000000,0.000000,0,0,-1,0.000000,0.000000,0.000000,0.000000,0.000000,0.000000,0.000000
1779333534164.166,0,0,-1,0.000000,0.000000,0.000000,0.000000,0.000000,0.000000,0.000000,0,0,-1,0.000000,0.000000,0.000000,0.000000,0.000000,0.000000,0.000000
1779333534197.499,0,0,-1,0.000000,0.000000,0.000000,0.000000,0.000000,0.000000,0.000000,0,0,-1,0.000000,0.000000,0.000000,0.000000,0.000000,0.000000,0.000000
1779333534230.832,0,0,-1,0.000000,0.000000,0.000000,0.000000,0.000000,0.000000,0.000000,0,0,-1,0.000000,0.000000,0.000000,0.000000,0.000000,0.000000,0.000000
1779333534264.166,0,0,-1,0.000000,0.000000,0.000000,0.000000,0.000000,0.000000,0.000000,0,0,-1,0.000000,0.000000,0.000000,0.000000,0.000000,0.000000,0.000000
1779333534297.499,0,0,-1,0.000000,0.000000,0.000000,0.000000,0.000000,0.000000,0.000000,0,0,-1,0.000000,0.000000,0.000000,0.000000,0.000000,0.000000,0.000000
1779333534330.832,0,0,-1,0.000000,0.000000,0.000000,0.000000,0.000000,0.000000,0.000000,0,0,-1,0.000000,0.000000,0.000000,0.000000,0.000000,0.000000,0.000000
1779333534364.166,0,0,-1,0.000000,0.000000,0.000000,0.000000,0.000000,0.000000,0.000000,0,0,-1,0.000000,0.000000,0.000000,0.000000,0.000000,0.000000,0.000000
1779333534397.499,0,0,-1,0.000000,0.000000,0.000000,0.000000,0.000000,0.000000,0.000000,0,0,-1,0.000000,0.000000,0.000000,0.000000,0.000000,0.000000,0.000000
1779333534430.832,0,0,-1,0.000000,0.000000,0.000000,0.000000,0.000000,0.000000,0.000000,0,0,-1,0.000000,0.000000,0.000000,0.000000,0.000000,0.000000,0.000000
1779333534464.166,0,0,-1,0.000000,0.000000,0.000000,0.000000,0.000000,0.000000,0.000000,0,0,-1,0.000000,0.000000,0.000000,0.000000,0.000000,0.000000,0.000000
1779333534497.499,0,0,-1,0.000000,0.000000,0.000000,0.000000,0.000000,0.000000,0.000000,0,0,-1,0.000000,0.000000,0.000000,0.000000,0.000000,0.000000,0.000000
1779333534530.832,0,0,-1,0.000000,0.000000,0.000000,0.000000,0.000000,0.000000,0.000000,0,0,-1,0.000000,0.000000,0.000000,0.000000,0.000000,0.000000,0.000000
1779333534564.166,0,0,-1,0.000000,0.000000,0.000000,0.000000,0.000000,0.000000,0.000000,0,0,-1,0.000000,0.000000,0.000000,0.000000,0.000000,0.000000,0.000000
1779333534597.499,0,0,-1,0.000000,0.000000,0.000000,0.000000,0.000000,0.000000,0.000000,0,0,-1,0.000000,0.000000,0.000000,0.000000,0.000000,0.000000,0.000000
1779333534630.832,0,0,-1,0.000000,0.000000,0.000000,0.000000,0.000000,0.000000,0.000000,0,0,-1,0.000000,0.000000,0.000000,0.000000,0.000000,0.000000,0.000000
1779333534664.166,0,0,-1,0.000000,0.000000,0.000000,0.000000,0.000000,0.000000,0.000000,0,0,-1,0.000000,0.000000,0.000000,0.000000,0.000000,0.000000,0.000000
1779333534697.499,0,0,-1,0.000000,0.000000,0.000000,0.000000,0.000000,0.000000,0.000000,0,0,-1,0.000000,0.000000,0.000000,0.000000,0.000000,0.000000,0.000000
1779333534730.832,0,0,-1,0.000000,0.000000,0.000000,0.000000,0.000000,0.000000,0.000000,0,0,-1,0.000000,0.000000,0.000000,0.000000,0.000000,0.000000,0.000000
1779333534764.166,0,0,-1,0.000000,0.000000,0.000000,0.000000,0.000000,0.000000,0.000000,0,0,-1,0.000000,0.000000,0.000000,0.000000,0.000000,0.000000,0.000000
1779333534797.499,0,0,-1,0.000000,0.000000,0.000000,0.000000,0.000000,0.000000,0.000000,0,0,-1,0.000000,0.000000,0.000000,0.000000,0.000000,0.000000,0.000000
1779333534830.832,0,0,-1,0.000000,0.000000,0.000000,0.000000,0.000000,0.000000,0.000000,0,0,-1,0.000000,0.000000,0.000000,0.000000,0.000000,0.000000,0.000000
1779333534864.166,0,0,-1,0.000000,0.000000,0.000000,0.000000,0.000000,0.000000,0.000000,0,0,-1,0.000000,0.000000,0.000000,0.000000,0.000000,0.000000,0.000000
1779333534897.499,0,0,-1,0.000000,0.000000,0.000000,0.000000,0.000000,0.000000,0.000000,0,0,-1,0.000000,0.000000,0.000000,0.000000,0.000000,0.000000,0.000000
1779333534930.832,0,0,-1,0.000000,0.000000,0.000000,0.000000,0.000000,0.000000,0.000000,0,0,-1,0.000000,0.000000,0.000000,0.000000,0.000000,0.000000,0.000000
1779333534964.166,0,0,-1,0.000000,0.000000,0.000000,0.000000,0.000000,0.000000,0.000000,0,0,-1,0.000000,0.000000,0.000000,0.000000,0.000000,0.000000,0.000000
1779333534997.499,0,0,-1,0.000000,0.000000,0.000000,0.000000,0.000000,0.000000,0.000000,0,0,-1,0.000000,0.000000,0.000000,0.000000,0.000000,0.000000,0.000000
1779333535030.832,0,0,-1,0.000000,0.000000,0.000000,0.000000,0.000000,0.000000,0.000000,0,0,-1,0.000000,0.000000,0.000000,0.000000,0.000000,0.000000,0.000000
1779333535064.166,0,0,-1,0.000000,0.000000,0.000000,0.000000,0.000000,0.000000,0.000000,0,0,-1,0.000000,0.000000,0.000000,0.000000,0.000000,0.000000,0.000000
1779333535097.499,0,0,-1,0.000000,0.000000,0.000000,0.000000,0.000000,0.000000,0.000000,0,0,-1,0.000000,0.000000,0.000000,0.000000,0.000000,0.000000,0.000000
1779333535130.832,0,0,-1,0.000000,0.000000,0.000000,0.000000,0.000000,0.000000,0.000000,0,0,-1,0.000000,0.000000,0.000000,0.000000,0.000000,0.000000,0.000000
1779333535164.166,0,0,-1,0.000000,0.000000,0.000000,0.000000,0.000000,0.000000,0.000000,0,0,-1,0.000000,0.000000,0.000000,0.000000,0.000000,0.000000,0.000000
1779333535197.499,0,0,-1,0.000000,0.000000,0.000000,0.000000,0.000000,0.000000,0.000000,0,0,-1,0.000000,0.000000,0.000000,0.000000,0.000000,0.000000,0.000000
1779333535230.832,0,0,-1,0.000000,0.000000,0.000000,0.000000,0.000000,0.000000,0.000000,0,0,-1,0.000000,0.000000,0.000000,0.000000,0.000000,0.000000,0.000000
1779333535264.166,0,0,-1,0.000000,0.000000,0.000000,0.000000,0.000000,0.000000,0.000000,0,0,-1,0.000000,0.000000,0.000000,0.000000,0.000000,0.000000,0.000000
1779333535297.499,0,0,-1,0.000000,0.000000,0.000000,0.000000,0.000000,0.000000,0.000000,0,0,-1,0.000000,0.000000,0.000000,0.000000,0.000000,0.000000,0.000000
1779333535330.832,0,0,-1,0.000000,0.000000,0.000000,0.000000,0.000000,0.000000,0.000000,0,0,-1,0.000000,0.000000,0.000000,0.000000,0.000000,0.000000,0.000000
1779333535364.166,0,0,-1,0.000000,0.000000,0.000000,0.000000,0.000000,0.000000,0.000000,0,0,-1,0.000000,0.000000,0.000000,0.000000,0.000000,0.000000,0.000000
1779333535397.499,0,0,-1,0.000000,0.000000,0.000000,0.000000,0.000000,0.000000,0.000000,0,0,-1,0.000000,0.000000,0.000000,0.000000,0.000000,0.000000,0.000000
1779333535430.832,0,0,-1,0.000000,0.000000,0.000000,0.000000,0.000000,0.000000,0.000000,0,0,-1,0.000000,0.000000,0.000000,0.000000,0.000000,0.000000,0.000000
1779333535464.166,0,0,-1,0.000000,0.000000,0.000000,0.000000,0.000000,0.000000,0.000000,0,0,-1,0.000000,0.000000,0.000000,0.000000,0.000000,0.000000,0.000000
1779333535497.499,0,0,-1,0.000000,0.000000,0.000000,0.000000,0.000000,0.000000,0.000000,0,0,-1,0.000000,0.000000,0.000000,0.000000,0.000000,0.000000,0.000000
1779333535530.832,0,0,-1,0.000000,0.000000,0.000000,0.000000,0.000000,0.000000,0.000000,0,0,-1,0.000000,0.000000,0.000000,0.000000,0.000000,0.000000,0.000000
1779333535564.166,0,0,-1,0.000000,0.000000,0.000000,0.000000,0.000000,0.000000,0.000000,0,0,-1,0.000000,0.000000,0.000000,0.000000,0.000000,0.000000,0.000000
1779333535597.499,0,0,-1,0.000000,0.000000,0.000000,0.000000,0.000000,0.000000,0.000000,0,0,-1,0.000000,0.000000,0.000000,0.000000,0.000000,0.000000,0.000000
1779333535630.832,0,0,-1,0.000000,0.000000,0.000000,0.000000,0.000000,0.000000,0.000000,0,0,-1,0.000000,0.000000,0.000000,0.000000,0.000000,0.000000,0.000000
1779333535664.166,0,0,-1,0.000000,0.000000,0.000000,0.000000,0.000000,0.000000,0.000000,0,0,-1,0.000000,0.000000,0.000000,0.000000,0.000000,0.000000,0.000000
1779333535697.499,0,0,-1,0.000000,0.000000,0.000000,0.000000,0.000000,0.000000,0.000000,0,0,-1,0.000000,0.000000,0.000000,0.000000,0.000000,0.000000,0.000000
1779333535730.832,0,0,-1,0.000000,0.000000,0.000000,0.000000,0.000000,0.000000,0.000000,0,0,-1,0.000000,0.000000,0.000000,0.000000,0.000000,0.000000,0.000000
1779333535764.166,0,0,-1,0.000000,0.000000,0.000000,0.000000,0.000000,0.000000,0.000000,0,0,-1,0.000000,0.000000,0.000000,0.000000,0.000000,0.000000,0.000000
1779333535797.499,0,0,-1,0.000000,0.000000,0.000000,0.000000,0.000000,0.000000,0.000000,0,0,-1,0.000000,0.000000,0.000000,0.000000,0.000000,0.000000,0.000000
1779333535830.832,0,0,-1,0.000000,0.000000,0.000000,0.000000,0.000000,0.000000,0.000000,0,0,-1,0.000000,0.000000,0.000000,0.000000,0.000000,0.000000,0.000000
1779333535864.166,0,0,-1,0.000000,0.000000,0.000000,0.000000,0.000000,0.000000,0.000000,0,0,-1,0.000000,0.000000,0.000000,0.000000,0.000000,0.000000,0.000000
1779333535897.499,0,0,-1,0.000000,0.000000,0.000000,0.000000,0.000000,0.000000,0.000000,0,0,-1,0.000000,0.000000,0.000000,0.000000,0.000000,0.000000,0.000000
1779333535930.832,0,0,-1,0.000000,0.000000,0.000000,0.000000,0.000000,0.000000,0.000000,0,0,-1,0.000000,0.000000,0.000000,0.000000,0.000000,0.000000,0.000000
1779333535964.166,0,0,-1,0.000000,0.000000,0.000000,0.000000,0.000000,0.000000,0.000000,0,0,-1,0.000000,0.000000,0.000000,0.000000,0.000000,0.000000,0.000000
1779333535997.499,0,0,-1,0.000000,0.000000,0.000000,0.000000,0.000000,0.000000,0.000000,0,0,-1,0.000000,0.000000,0.000000,0.000000,0.000000,0.000000,0.000000
1779333536030.832,0,0,-1,0.000000,0.000000,0.000000,0.000000,0.000000,0.000000,0.000000,0,0,-1,0.000000,0.000000,0.000000,0.000000,0.000000,0.000000,0.000000
1779333536064.166,0,0,-1,0.000000,0.000000,0.000000,0.000000,0.000000,0.000000,0.000000,0,0,-1,0.000000,0.000000,0.000000,0.000000,0.000000,0.000000,0.000000
1779333536097.499,0,0,-1,0.000000,0.000000,0.000000,0.000000,0.000000,0.000000,0.000000,0,0,-1,0.000000,0.000000,0.000000,0.000000,0.000000,0.000000,0.000000
1779333536130.832,0,0,-1,0.000000,0.000000,0.000000,0.000000,0.000000,0.000000,0.000000,0,0,-1,0.000000,0.000000,0.000000,0.000000,0.000000,0.000000,0.000000
1779333536164.166,0,0,-1,0.000000,0.000000,0.000000,0.000000,0.000000,0.000000,0.000000,0,0,-1,0.000000,0.000000,0.000000,0.000000,0.000000,0.000000,0.000000
1779333536197.499,0,0,-1,0.000000,0.000000,0.000000,0.000000,0.000000,0.000000,0.000000,0,0,-1,0.000000,0.000000,0.000000,0.000000,0.000000,0.000000,0.000000
1779333536230.832,0,0,-1,0.000000,0.000000,0.000000,0.000000,0.000000,0.000000,0.000000,0,0,-1,0.000000,0.000000,0.000000,0.000000,0.000000,0.000000,0.000000
1779333536264.166,0,0,-1,0.000000,0.000000,0.000000,0.000000,0.000000,0.000000,0.000000,0,0,-1,0.000000,0.000000,0.000000,0.000000,0.000000,0.000000,0.000000
1779333536297.499,0,0,-1,0.000000,0.000000,0.000000,0.000000,0.000000,0.000000,0.000000,0,0,-1,0.000000,0.000000,0.000000,0.000000,0.000000,0.000000,0.000000
1779333536330.832,0,0,-1,0.000000,0.000000,0.000000,0.000000,0.000000,0.000000,0.000000,0,0,-1,0.000000,0.000000,0.000000,0.000000,0.000000,0.000000,0.000000
1779333536364.166,0,0,-1,0.000000,0.000000,0.000000,0.000000,0.000000,0.000000,0.000000,0,0,-1,0.000000,0.000000,0.000000,0.000000,0.000000,0.000000,0.000000
1779333536397.499,0,0,-1,0.000000,0.000000,0.000000,0.000000,0.000000,0.000000,0.000000,0,0,-1,0.000000,0.000000,0.000000,0.000000,0.000000,0.000000,0.000000
1779333536430.832,0,0,-1,0.000000,0.000000,0.000000,0.000000,0.000000,0.000000,0.000000,0,0,-1,0.000000,0.000000,0.000000,0.000000,0.000000,0.000000,0.000000
1779333536464.166,0,0,-1,0.000000,0.000000,0.000000,0.000000,0.000000,0.000000,0.000000,0,0,-1,0.000000,0.000000,0.000000,0.000000,0.000000,0.000000,0.000000
1779333536497.499,0,0,-1,0.000000,0.000000,0.000000,0.000000,0.000000,0.000000,0.000000,0,0,-1,0.000000,0.000000,0.000000,0.000000,0.000000,0.000000,0.000000
1779333536530.832,0,0,-1,0.000000,0.000000,0.000000,0.000000,0.000000,0.000000,0.000000,0,0,-1,0.000000,0.000000,0.000000,0.000000,0.000000,0.000000,0.000000
1779333536564.166,0,0,-1,0.000000,0.000000,0.000000,0.000000,0.000000,0.000000,0.000000,0,0,-1,0.000000,0.000000,0.000000,0.000000,0.000000,0.000000,0.000000
1779333536597.499,0,0,-1,0.000000,0.000000,0.000000,0.000000,0.000000,0.000000,0.000000,0,0,-1,0.000000,0.000000,0.000000,0.000000,0.000000,0.000000,0.000000
1779333536630.832,0,0,-1,0.000000,0.000000,0.000000,0.000000,0.000000,0.000000,0.000000,0,0,-1,0.000000,0.000000,0.000000,0.000000,0.000000,0.000000,0.000000
1779333536664.166,0,0,-1,0.000000,0.000000,0.000000,0.000000,0.000000,0.000000,0.000000,0,0,-1,0.000000,0.000000,0.000000,0.000000,0.000000,0.000000,0.000000
1779333536697.499,0,0,-1,0.000000,0.000000,0.000000,0.000000,0.000000,0.000000,0.000000,0,0,-1,0.000000,0.000000,0.000000,0.000000,0.000000,0.000000,0.000000
1779333536730.832,0,0,-1,0.000000,0.000000,0.000000,0.000000,0.000000,0.000000,0.000000,0,0,-1,0.000000,0.000000,0.000000,0.000000,0.000000,0.000000,0.000000
1779333536764.166,0,0,-1,0.000000,0.000000,0.000000,0.000000,0.000000,0.000000,0.000000,0,0,-1,0.000000,0.000000,0.000000,0.000000,0.000000,0.000000,0.000000
1779333536797.499,0,0,-1,0.000000,0.000000,0.000000,0.000000,0.000000,0.000000,0.000000,0,0,-1,0.000000,0.000000,0.000000,0.000000,0.000000,0.000000,0.000000
1779333536830.832,0,0,-1,0.000000,0.000000,0.000000,0.000000,0.000000,0.000000,0.000000,0,0,-1,0.000000,0.000000,0.000000,0.000000,0.000000,0.000000,0.000000
1779333536864.166,0,0,-1,0.000000,0.000000,0.000000,0.000000,0.000000,0.000000,0.000000,0,0,-1,0.000000,0.000000,0.000000,0.000000,0.000000,0.000000,0.000000
1779333536897.499,0,0,-1,0.000000,0.000000,0.000000,0.000000,0.000000,0.000000,0.000000,0,0,-1,0.000000,0.000000,0.000000,0.000000,0.000000,0.000000,0.000000
1779333536930.832,0,0,-1,0.000000,0.000000,0.000000,0.000000,0.000000,0.000000,0.000000,0,0,-1,0.000000,0.000000,0.000000,0.000000,0.000000,0.000000,0.000000
1779333536964.166,0,0,-1,0.000000,0.000000,0.000000,0.000000,0.000000,0.000000,0.000000,0,0,-1,0.000000,0.000000,0.000000,0.000000,0.000000,0.000000,0.000000
1779333536997.499,0,0,-1,0.000000,0.000000,0.000000,0.000000,0.000000,0.000000,0.000000,0,0,-1,0.000000,0.000000,0.000000,0.000000,0.000000,0.000000,0.000000
1779333537030.832,0,0,-1,0.000000,0.000000,0.000000,0.000000,0.000000,0.000000,0.000000,0,0,-1,0.000000,0.000000,0.000000,0.000000,0.000000,0.000000,0.000000
1779333537064.166,0,0,-1,0.000000,0.000000,0.000000,0.000000,0.000000,0.000000,0.000000,0,0,-1,0.000000,0.000000,0.000000,0.000000,0.000000,0.000000,0.000000
1779333537097.499,0,0,-1,0.000000,0.000000,0.000000,0.000000,0.000000,0.000000,0.000000,0,0,-1,0.000000,0.000000,0.000000,0.000000,0.000000,0.000000,0.000000
1779333537130.832,0,0,-1,0.000000,0.000000,0.000000,0.000000,0.000000,0.000000,0.000000,0,0,-1,0.000000,0.000000,0.000000,0.000000,0.000000,0.000000,0.000000
1779333537164.166,0,0,-1,0.000000,0.000000,0.000000,0.000000,0.000000,0.000000,0.000000,0,0,-1,0.000000,0.000000,0.000000,0.000000,0.000000,0.000000,0.000000
1779333537197.499,0,0,-1,0.000000,0.000000,0.000000,0.000000,0.000000,0.000000,0.000000,0,0,-1,0.000000,0.000000,0.000000,0.000000,0.000000,0.000000,0.000000
1779333537230.832,0,0,-1,0.000000,0.000000,0.000000,0.000000,0.000000,0.000000,0.000000,0,0,-1,0.000000,0.000000,0.000000,0.000000,0.000000,0.000000,0.000000
1779333537264.166,0,0,-1,0.000000,0.000000,0.000000,0.000000,0.000000,0.000000,0.000000,0,0,-1,0.000000,0.000000,0.000000,0.000000,0.000000,0.000000,0.000000
1779333537297.499,0,0,-1,0.000000,0.000000,0.000000,0.000000,0.000000,0.000000,0.000000,0,0,-1,0.000000,0.000000,0.000000,0.000000,0.000000,0.000000,0.000000
1779333537330.832,0,0,-1,0.000000,0.000000,0.000000,0.000000,0.000000,0.000000,0.000000,0,0,-1,0.000000,0.000000,0.000000,0.000000,0.000000,0.000000,0.000000
1779333537364.166,0,0,-1,0.000000,0.000000,0.000000,0.000000,0.000000,0.000000,0.000000,0,0,-1,0.000000,0.000000,0.000000,0.000000,0.000000,0.000000,0.000000
1779333537397.499,0,0,-1,0.000000,0.000000,0.000000,0.000000,0.000000,0.000000,0.000000,0,0,-1,0.000000,0.000000,0.000000,0.000000,0.000000,0.000000,0.000000
1779333537430.832,0,0,-1,0.000000,0.000000,0.000000,0.000000,0.000000,0.000000,0.000000,0,0,-1,0.000000,0.000000,0.000000,0.000000,0.000000,0.000000,0.000000
1779333537464.166,0,0,-1,0.000000,0.000000,0.000000,0.000000,0.000000,0.000000,0.000000,0,0,-1,0.000000,0.000000,0.000000,0.000000,0.000000,0.000000,0.000000
1779333537497.499,0,0,-1,0.000000,0.000000,0.000000,0.000000,0.000000,0.000000,0.000000,0,0,-1,0.000000,0.000000,0.000000,0.000000,0.000000,0.000000,0.000000
1779333537530.832,0,0,-1,0.000000,0.000000,0.000000,0.000000,0.000000,0.000000,0.000000,0,0,-1,0.000000,0.000000,0.000000,0.000000,0.000000,0.000000,0.000000
1779333537564.166,0,0,-1,0.000000,0.000000,0.000000,0.000000,0.000000,0.000000,0.000000,0,0,-1,0.000000,0.000000,0.000000,0.000000,0.000000,0.000000,0.000000
1779333537597.499,0,0,-1,0.000000,0.000000,0.000000,0.000000,0.000000,0.000000,0.000000,0,0,-1,0.000000,0.000000,0.000000,0.000000,0.000000,0.000000,0.000000
1779333537630.832,0,0,-1,0.000000,0.000000,0.000000,0.000000,0.000000,0.000000,0.000000,0,0,-1,0.000000,0.000000,0.000000,0.000000,0.000000,0.000000,0.000000
1779333537664.166,0,0,-1,0.000000,0.000000,0.000000,0.000000,0.000000,0.000000,0.000000,0,0,-1,0.000000,0.000000,0.000000,0.000000,0.000000,0.000000,0.000000
1779333537697.499,0,0,-1,0.000000,0.000000,0.000000,0.000000,0.000000,0.000000,0.000000,0,0,-1,0.000000,0.000000,0.000000,0.000000,0.000000,0.000000,0.000000
1779333537730.832,0,0,-1,0.000000,0.000000,0.000000,0.000000,0.000000,0.000000,0.000000,0,0,-1,0.000000,0.000000,0.000000,0.000000,0.000000,0.000000,0.000000
1779333537764.166,0,0,-1,0.000000,0.000000,0.000000,0.000000,0.000000,0.000000,0.000000,0,0,-1,0.000000,0.000000,0.000000,0.000000,0.000000,0.000000,0.000000
1779333537797.499,0,0,-1,0.000000,0.000000,0.000000,0.000000,0.000000,0.000000,0.000000,0,0,-1,0.000000,0.000000,0.000000,0.000000,0.000000,0.000000,0.000000
1779333537830.832,0,0,-1,0.000000,0.000000,0.000000,0.000000,0.000000,0.000000,0.000000,0,0,-1,0.000000,0.000000,0.000000,0.000000,0.000000,0.000000,0.000000
1779333537864.166,0,0,-1,0.000000,0.000000,0.000000,0.000000,0.000000,0.000000,0.000000,0,0,-1,0.000000,0.000000,0.000000,0.000000,0.000000,0.000000,0.000000
1779333537897.499,0,0,-1,0.000000,0.000000,0.000000,0.000000,0.000000,0.000000,0.000000,0,0,-1,0.000000,0.000000,0.000000,0.000000,0.000000,0.000000,0.000000
1779333537930.832,0,0,-1,0.000000,0.000000,0.000000,0.000000,0.000000,0.000000,0.000000,0,0,-1,0.000000,0.000000,0.000000,0.000000,0.000000,0.000000,0.000000
1779333537964.166,0,0,-1,0.000000,0.000000,0.000000,0.000000,0.000000,0.000000,0.000000,0,0,-1,0.000000,0.000000,0.000000,0.000000,0.000000,0.000000,0.000000
1779333537997.499,0,0,-1,0.000000,0.000000,0.000000,0.000000,0.000000,0.000000,0.000000,0,0,-1,0.000000,0.000000,0.000000,0.000000,0.000000,0.000000,0.000000
1779333538030.832,0,0,-1,0.000000,0.000000,0.000000,0.000000,0.000000,0.000000,0.000000,0,0,-1,0.000000,0.000000,0.000000,0.000000,0.000000,0.000000,0.000000
1779333538064.166,0,0,-1,0.000000,0.000000,0.000000,0.000000,0.000000,0.000000,0.000000,0,0,-1,0.000000,0.000000,0.000000,0.000000,0.000000,0.000000,0.000000
1779333538097.499,0,0,-1,0.000000,0.000000,0.000000,0.000000,0.000000,0.000000,0.000000,0,0,-1,0.000000,0.000000,0.000000,0.000000,0.000000,0.000000,0.000000
1779333538130.832,0,0,-1,0.000000,0.000000,0.000000,0.000000,0.000000,0.000000,0.000000,0,0,-1,0.000000,0.000000,0.000000,0.000000,0.000000,0.000000,0.000000
1779333538164.166,0,0,-1,0.000000,0.000000,0.000000,0.000000,0.000000,0.000000,0.000000,0,0,-1,0.000000,0.000000,0.000000,0.000000,0.000000,0.000000,0.000000
1779333538197.499,0,0,-1,0.000000,0.000000,0.000000,0.000000,0.000000,0.000000,0.000000,0,0,-1,0.000000,0.000000,0.000000,0.000000,0.000000,0.000000,0.000000
1779333538230.832,0,0,-1,0.000000,0.000000,0.000000,0.000000,0.000000,0.000000,0.000000,0,0,-1,0.000000,0.000000,0.000000,0.000000,0.000000,0.000000,0.000000
1779333538264.166,0,0,-1,0.000000,0.000000,0.000000,0.000000,0.000000,0.000000,0.000000,0,0,-1,0.000000,0.000000,0.000000,0.000000,0.000000,0.000000,0.000000
1779333538297.499,0,0,-1,0.000000,0.000000,0.000000,0.000000,0.000000,0.000000,0.000000,0,0,-1,0.000000,0.000000,0.000000,0.000000,0.000000,0.000000,0.000000
1779333538330.832,0,0,-1,0.000000,0.000000,0.000000,0.000000,0.000000,0.000000,0.000000,0,0,-1,0.000000,0.000000,0.000000,0.000000,0.000000,0.000000,0.000000
1779333538364.166,0,0,-1,0.000000,0.000000,0.000000,0.000000,0.000000,0.000000,0.000000,0,0,-1,0.000000,0.000000,0.000000,0.000000,0.000000,0.000000,0.000000
1779333538397.499,0,0,-1,0.000000,0.000000,0.000000,0.000000,0.000000,0.000000,0.000000,0,0,-1,0.000000,0.000000,0.000000,0.000000,0.000000,0.000000,0.000000
1779333538430.832,0,0,-1,0.000000,0.000000,0.000000,0.000000,0.000000,0.000000,0.000000,0,0,-1,0.000000,0.000000,0.000000,0.000000,0.000000,0.000000,0.000000
1779333538464.166,0,0,-1,0.000000,0.000000,0.000000,0.000000,0.000000,0.000000,0.000000,0,0,-1,0.000000,0.000000,0.000000,0.000000,0.000000,0.000000,0.000000
1779333538497.499,0,0,-1,0.000000,0.000000,0.000000,0.000000,0.000000,0.000000,0.000000,0,0,-1,0.000000,0.000000,0.000000,0.000000,0.000000,0.000000,0.000000
1779333538530.832,0,0,-1,0.000000,0.000000,0.000000,0.000000,0.000000,0.000000,0.000000,0,0,-1,0.000000,0.000000,0.000000,0.000000,0.000000,0.000000,0.000000
1779333538564.166,0,0,-1,0.000000,0.000000,0.000000,0.000000,0.000000,0.000000,0.000000,0,0,-1,0.000000,0.000000,0.000000,0.000000,0.000000,0.000000,0.000000
1779333538597.499,0,0,-1,0.000000,0.000000,0.000000,0.000000,0.000000,0.000000,0.000000,0,0,-1,0.000000,0.000000,0.000000,0.000000,0.000000,0.000000,0.000000
1779333538630.832,0,0,-1,0.000000,0.000000,0.000000,0.000000,0.000000,0.000000,0.000000,0,0,-1,0.000000,0.000000,0.000000,0.000000,0.000000,0.000000,0.000000
1779333538664.166,0,0,-1,0.000000,0.000000,0.000000,0.000000,0.000000,0.000000,0.000000,0,0,-1,0.000000,0.000000,0.000000,0.000000,0.000000,0.000000,0.000000
1779333538697.499,0,0,-1,0.000000,0.000000,0.000000,0.000000,0.000000,0.000000,0.000000,0,0,-1,0.000000,0.000000,0.000000,0.000000,0.000000,0.000000,0.000000
1779333538730.832,0,0,-1,0.000000,0.000000,0.000000,0.000000,0.000000,0.000000,0.000000,0,0,-1,0.000000,0.000000,0.000000,0.000000,0.000000,0.000000,0.000000
1779333538764.166,0,0,-1,0.000000,0.000000,0.000000,0.000000,0.000000,0.000000,0.000000,0,0,-1,0.000000,0.000000,0.000000,0.000000,0.000000,0.000000,0.000000
1779333538797.499,0,0,-1,0.000000,0.000000,0.000000,0.000000,0.000000,0.000000,0.000000,0,0,-1,0.000000,0.000000,0.000000,0.000000,0.000000,0.000000,0.000000
1779333538830.832,0,0,-1,0.000000,0.000000,0.000000,0.000000,0.000000,0.000000,0.000000,0,0,-1,0.000000,0.000000,0.000000,0.000000,0.000000,0.000000,0.000000
1779333538864.166,0,0,-1,0.000000,0.000000,0.000000,0.000000,0.000000,0.000000,0.000000,0,0,-1,0.000000,0.000000,0.000000,0.000000,0.000000,0.000000,0.000000
1779333538897.499,0,0,-1,0.000000,0.000000,0.000000,0.000000,0.000000,0.000000,0.000000,0,0,-1,0.000000,0.000000,0.000000,0.000000,0.000000,0.000000,0.000000
1779333538930.832,0,0,-1,0.000000,0.000000,0.000000,0.000000,0.000000,0.000000,0.000000,0,0,-1,0.000000,0.000000,0.000000,0.000000,0.000000,0.000000,0.000000
1779333538964.166,0,0,-1,0.000000,0.000000,0.000000,0.000000,0.000000,0.000000,0.000000,0,0,-1,0.000000,0.000000,0.000000,0.000000,0.000000,0.000000,0.000000
1779333538997.499,0,0,-1,0.000000,0.000000,0.000000,0.000000,0.000000,0.000000,0.000000,0,0,-1,0.000000,0.000000,0.000000,0.000000,0.000000,0.000000,0.000000
1779333539030.832,0,0,-1,0.000000,0.000000,0.000000,0.000000,0.000000,0.000000,0.000000,0,0,-1,0.000000,0.000000,0.000000,0.000000,0.000000,0.000000,0.000000
1779333539064.166,0,0,-1,0.000000,0.000000,0.000000,0.000000,0.000000,0.000000,0.000000,0,0,-1,0.000000,0.000000,0.000000,0.000000,0.000000,0.000000,0.000000
1779333539097.499,0,0,-1,0.000000,0.000000,0.000000,0.000000,0.000000,0.000000,0.000000,0,0,-1,0.000000,0.000000,0.000000,0.000000,0.000000,0.000000,0.000000
1779333539130.832,0,0,-1,0.000000,0.000000,0.000000,0.000000,0.000000,0.000000,0.000000,0,0,-1,0.000000,0.000000,0.000000,0.000000,0.000000,0.000000,0.000000
1779333539164.166,0,0,-1,0.000000,0.000000,0.000000,0.000000,0.000000,0.000000,0.000000,0,0,-1,0.000000,0.000000,0.000000,0.000000,0.000000,0.000000,0.000000
1779333539197.499,0,0,-1,0.000000,0.000000,0.000000,0.000000,0.000000,0.000000,0.000000,0,0,-1,0.000000,0.000000,0.000000,0.000000,0.000000,0.000000,0.000000
1779333539230.832,0,0,-1,0.000000,0.000000,0.000000,0.000000,0.000000,0.000000,0.000000,0,0,-1,0.000000,0.000000,0.000000,0.000000,0.000000,0.000000,0.000000
1779333539264.166,0,0,-1,0.000000,0.000000,0.000000,0.000000,0.000000,0.000000,0.000000,0,0,-1,0.000000,0.000000,0.000000,0.000000,0.000000,0.000000,0.000000
1779333539297.499,0,0,-1,0.000000,0.000000,0.000000,0.000000,0.000000,0.000000,0.000000,0,0,-1,0.000000,0.000000,0.000000,0.000000,0.000000,0.000000,0.000000
1779333539330.832,0,0,-1,0.000000,0.000000,0.000000,0.000000,0.000000,0.000000,0.000000,0,0,-1,0.000000,0.000000,0.000000,0.000000,0.000000,0.000000,0.000000
1779333539364.166,0,0,-1,0.000000,0.000000,0.000000,0.000000,0.000000,0.000000,0.000000,0,0,-1,0.000000,0.000000,0.000000,0.000000,0.000000,0.000000,0.000000
1779333539397.499,0,0,-1,0.000000,0.000000,0.000000,0.000000,0.000000,0.000000,0.000000,0,0,-1,0.000000,0.000000,0.000000,0.000000,0.000000,0.000000,0.000000
1779333539430.832,0,0,-1,0.000000,0.000000,0.000000,0.000000,0.000000,0.000000,0.000000,0,0,-1,0.000000,0.000000,0.000000,0.000000,0.000000,0.000000,0.000000
1779333539464.166,0,0,-1,0.000000,0.000000,0.000000,0.000000,0.000000,0.000000,0.000000,0,0,-1,0.000000,0.000000,0.000000,0.000000,0.000000,0.000000,0.000000
1779333539497.499,0,0,-1,0.000000,0.000000,0.000000,0.000000,0.000000,0.000000,0.000000,0,0,-1,0.000000,0.000000,0.000000,0.000000,0.000000,0.000000,0.000000
1779333539530.832,0,0,-1,0.000000,0.000000,0.000000,0.000000,0.000000,0.000000,0.000000,0,0,-1,0.000000,0.000000,0.000000,0.000000,0.000000,0.000000,0.000000
1779333539564.166,0,0,-1,0.000000,0.000000,0.000000,0.000000,0.000000,0.000000,0.000000,0,0,-1,0.000000,0.000000,0.000000,0.000000,0.000000,0.000000,0.000000
1779333539597.499,0,0,-1,0.000000,0.000000,0.000000,0.000000,0.000000,0.000000,0.000000,0,0,-1,0.000000,0.000000,0.000000,0.000000,0.000000,0.000000,0.000000
1779333539630.832,0,0,-1,0.000000,0.000000,0.000000,0.000000,0.000000,0.000000,0.000000,0,0,-1,0.000000,0.000000,0.000000,0.000000,0.000000,0.000000,0.000000
1779333539664.166,0,0,-1,0.000000,0.000000,0.000000,0.000000,0.000000,0.000000,0.000000,0,0,-1,0.000000,0.000000,0.000000,0.000000,0.000000,0.000000,0.000000
1779333539697.499,0,0,-1,0.000000,0.000000,0.000000,0.000000,0.000000,0.000000,0.000000,0,0,-1,0.000000,0.000000,0.000000,0.000000,0.000000,0.000000,0.000000
1779333539730.832,0,0,-1,0.000000,0.000000,0.000000,0.000000,0.000000,0.000000,0.000000,0,0,-1,0.000000,0.000000,0.000000,0.000000,0.000000,0.000000,0.000000
1779333539764.166,0,0,-1,0.000000,0.000000,0.000000,0.000000,0.000000,0.000000,0.000000,0,0,-1,0.000000,0.000000,0.000000,0.000000,0.000000,0.000000,0.000000
1779333539797.499,0,0,-1,0.000000,0.000000,0.000000,0.000000,0.000000,0.000000,0.000000,0,0,-1,0.000000,0.000000,0.000000,0.000000,0.000000,0.000000,0.000000
1779333539830.832,0,0,-1,0.000000,0.000000,0.000000,0.000000,0.000000,0.000000,0.000000,0,0,-1,0.000000,0.000000,0.000000,0.000000,0.000000,0.000000,0.000000
1779333539864.166,0,0,-1,0.000000,0.000000,0.000000,0.000000,0.000000,0.000000,0.000000,0,0,-1,0.000000,0.000000,0.000000,0.000000,0.000000,0.000000,0.000000
1779333539897.499,0,0,-1,0.000000,0.000000,0.000000,0.000000,0.000000,0.000000,0.000000,0,0,-1,0.000000,0.000000,0.000000,0.000000,0.000000,0.000000,0.000000
1779333539930.832,0,0,-1,0.000000,0.000000,0.000000,0.000000,0.000000,0.000000,0.000000,0,0,-1,0.000000,0.000000,0.000000,0.000000,0.000000,0.000000,0.000000
1779333539964.166,0,0,-1,0.000000,0.000000,0.000000,0.000000,0.000000,0.000000,0.000000,0,0,-1,0.000000,0.000000,0.000000,0.000000,0.000000,0.000000,0.000000
1779333539997.499,0,0,-1,0.000000,0.000000,0.000000,0.000000,0.000000,0.000000,0.000000,0,0,-1,0.000000,0.000000,0.000000,0.000000,0.000000,0.000000,0.000000
1779333540030.832,0,0,-1,0.000000,0.000000,0.000000,0.000000,0.000000,0.000000,0.000000,0,0,-1,0.000000,0.000000,0.000000,0.000000,0.000000,0.000000,0.000000
1779333540064.166,0,0,-1,0.000000,0.000000,0.000000,0.000000,0.000000,0.000000,0.000000,0,0,-1,0.000000,0.000000,0.000000,0.000000,0.000000,0.000000,0.000000
1779333540097.499,0,0,-1,0.000000,0.000000,0.000000,0.000000,0.000000,0.000000,0.000000,0,0,-1,0.000000,0.000000,0.000000,0.000000,0.000000,0.000000,0.000000
1779333540130.832,0,0,-1,0.000000,0.000000,0.000000,0.000000,0.000000,0.000000,0.000000,0,0,-1,0.000000,0.000000,0.000000,0.000000,0.000000,0.000000,0.000000
1779333540164.166,0,0,-1,0.000000,0.000000,0.000000,0.000000,0.000000,0.000000,0.000000,0,0,-1,0.000000,0.000000,0.000000,0.000000,0.000000,0.000000,0.000000
1779333540197.499,0,0,-1,0.000000,0.000000,0.000000,0.000000,0.000000,0.000000,0.000000,0,0,-1,0.000000,0.000000,0.000000,0.000000,0.000000,0.000000,0.000000
1779333540230.832,0,0,-1,0.000000,0.000000,0.000000,0.000000,0.000000,0.000000,0.000000,0,0,-1,0.000000,0.000000,0.000000,0.000000,0.000000,0.000000,0.000000
1779333540264.166,0,0,-1,0.000000,0.000000,0.000000,0.000000,0.000000,0.000000,0.000000,0,0,-1,0.000000,0.000000,0.000000,0.000000,0.000000,0.000000,0.000000
1779333540297.499,0,0,-1,0.000000,0.000000,0.000000,0.000000,0.000000,0.000000,0.000000,0,0,-1,0.000000,0.000000,0.000000,0.000000,0.000000,0.000000,0.000000
1779333540330.832,0,0,-1,0.000000,0.000000,0.000000,0.000000,0.000000,0.000000,0.000000,0,0,-1,0.000000,0.000000,0.000000,0.000000,0.000000,0.000000,0.000000
1779333540364.166,0,0,-1,0.000000,0.000000,0.000000,0.000000,0.000000,0.000000,0.000000,0,0,-1,0.000000,0.000000,0.000000,0.000000,0.000000,0.000000,0.000000
1779333540397.499,0,0,-1,0.000000,0.000000,0.000000,0.000000,0.000000,0.000000,0.000000,0,0,-1,0.000000,0.000000,0.000000,0.000000,0.000000,0.000000,0.000000
1779333540430.832,0,0,-1,0.000000,0.000000,0.000000,0.000000,0.000000,0.000000,0.000000,0,0,-1,0.000000,0.000000,0.000000,0.000000,0.000000,0.000000,0.000000
1779333540464.166,0,0,-1,0.000000,0.000000,0.000000,0.000000,0.000000,0.000000,0.000000,0,0,-1,0.000000,0.000000,0.000000,0.000000,0.000000,0.000000,0.000000
1779333540497.499,0,0,-1,0.000000,0.000000,0.000000,0.000000,0.000000,0.000000,0.000000,0,0,-1,0.000000,0.000000,0.000000,0.000000,0.000000,0.000000,0.000000
1779333540530.832,0,0,-1,0.000000,0.000000,0.000000,0.000000,0.000000,0.000000,0.000000,0,0,-1,0.000000,0.000000,0.000000,0.000000,0.000000,0.000000,0.000000
1779333540564.166,0,0,-1,0.000000,0.000000,0.000000,0.000000,0.000000,0.000000,0.000000,0,0,-1,0.000000,0.000000,0.000000,0.000000,0.000000,0.000000,0.000000
1779333540597.499,0,0,-1,0.000000,0.000000,0.000000,0.000000,0.000000,0.000000,0.000000,0,0,-1,0.000000,0.000000,0.000000,0.000000,0.000000,0.000000,0.000000
1779333540630.832,0,0,-1,0.000000,0.000000,0.000000,0.000000,0.000000,0.000000,0.000000,0,0,-1,0.000000,0.000000,0.000000,0.000000,0.000000,0.000000,0.000000
1779333540664.166,0,0,-1,0.000000,0.000000,0.000000,0.000000,0.000000,0.000000,0.000000,0,0,-1,0.000000,0.000000,0.000000,0.000000,0.000000,0.000000,0.000000
1779333540697.499,0,0,-1,0.000000,0.000000,0.000000,0.000000,0.000000,0.000000,0.000000,0,0,-1,0.000000,0.000000,0.000000,0.000000,0.000000,0.000000,0.000000
1779333540730.832,0,0,-1,0.000000,0.000000,0.000000,0.000000,0.000000,0.000000,0.000000,0,0,-1,0.000000,0.000000,0.000000,0.000000,0.000000,0.000000,0.000000
1779333540764.166,0,0,-1,0.000000,0.000000,0.000000,0.000000,0.000000,0.000000,0.000000,0,0,-1,0.000000,0.000000,0.000000,0.000000,0.000000,0.000000,0.000000
1779333540797.499,0,0,-1,0.000000,0.000000,0.000000,0.000000,0.000000,0.000000,0.000000,0,0,-1,0.000000,0.000000,0.000000,0.000000,0.000000,0.000000,0.000000
1779333540830.832,0,0,-1,0.000000,0.000000,0.000000,0.000000,0.000000,0.000000,0.000000,0,0,-1,0.000000,0.000000,0.000000,0.000000,0.000000,0.000000,0.000000
1779333540864.166,0,0,-1,0.000000,0.000000,0.000000,0.000000,0.000000,0.000000,0.000000,0,0,-1,0.000000,0.000000,0.000000,0.000000,0.000000,0.000000,0.000000
1779333540897.499,0,0,-1,0.000000,0.000000,0.000000,0.000000,0.000000,0.000000,0.000000,0,0,-1,0.000000,0.000000,0.000000,0.000000,0.000000,0.000000,0.000000
1779333540930.832,0,0,-1,0.000000,0.000000,0.000000,0.000000,0.000000,0.000000,0.000000,0,0,-1,0.000000,0.000000,0.000000,0.000000,0.000000,0.000000,0.000000
1779333540964.166,0,0,-1,0.000000,0.000000,0.000000,0.000000,0.000000,0.000000,0.000000,0,0,-1,0.000000,0.000000,0.000000,0.000000,0.000000,0.000000,0.000000
1779333540997.499,0,0,-1,0.000000,0.000000,0.000000,0.000000,0.000000,0.000000,0.000000,0,0,-1,0.000000,0.000000,0.000000,0.000000,0.000000,0.000000,0.000000
1779333541030.832,0,0,-1,0.000000,0.000000,0.000000,0.000000,0.000000,0.000000,0.000000,0,0,-1,0.000000,0.000000,0.000000,0.000000,0.000000,0.000000,0.000000
1779333541064.166,0,0,-1,0.000000,0.000000,0.000000,0.000000,0.000000,0.000000,0.000000,0,0,-1,0.000000,0.000000,0.000000,0.000000,0.000000,0.000000,0.000000
1779333541097.499,0,0,-1,0.000000,0.000000,0.000000,0.000000,0.000000,0.000000,0.000000,0,0,-1,0.000000,0.000000,0.000000,0.000000,0.000000,0.000000,0.000000
1779333541130.832,0,0,-1,0.000000,0.000000,0.000000,0.000000,0.000000,0.000000,0.000000,0,0,-1,0.000000,0.000000,0.000000,0.000000,0.000000,0.000000,0.000000
1779333541164.166,0,0,-1,0.000000,0.000000,0.000000,0.000000,0.000000,0.000000,0.000000,0,0,-1,0.000000,0.000000,0.000000,0.000000,0.000000,0.000000,0.000000
1779333541197.499,0,0,-1,0.000000,0.000000,0.000000,0.000000,0.000000,0.000000,0.000000,0,0,-1,0.000000,0.000000,0.000000,0.000000,0.000000,0.000000,0.000000
1779333541230.832,0,0,-1,0.000000,0.000000,0.000000,0.000000,0.000000,0.000000,0.000000,0,0,-1,0.000000,0.000000,0.000000,0.000000,0.000000,0.000000,0.000000
1779333541264.166,0,0,-1,0.000000,0.000000,0.000000,0.000000,0.000000,0.000000,0.000000,0,0,-1,0.000000,0.000000,0.000000,0.000000,0.000000,0.000000,0.000000
1779333541297.499,0,0,-1,0.000000,0.000000,0.000000,0.000000,0.000000,0.000000,0.000000,0,0,-1,0.000000,0.000000,0.000000,0.000000,0.000000,0.000000,0.000000
1779333541330.832,0,0,-1,0.000000,0.000000,0.000000,0.000000,0.000000,0.000000,0.000000,0,0,-1,0.000000,0.000000,0.000000,0.000000,0.000000,0.000000,0.000000
1779333541364.166,0,0,-1,0.000000,0.000000,0.000000,0.000000,0.000000,0.000000,0.000000,0,0,-1,0.000000,0.000000,0.000000,0.000000,0.000000,0.000000,0.000000
1779333541397.499,0,0,-1,0.000000,0.000000,0.000000,0.000000,0.000000,0.000000,0.000000,0,0,-1,0.000000,0.000000,0.000000,0.000000,0.000000,0.000000,0.000000
1779333541430.832,0,0,-1,0.000000,0.000000,0.000000,0.000000,0.000000,0.000000,0.000000,0,0,-1,0.000000,0.000000,0.000000,0.000000,0.000000,0.000000,0.000000
1779333541464.166,0,0,-1,0.000000,0.000000,0.000000,0.000000,0.000000,0.000000,0.000000,0,0,-1,0.000000,0.000000,0.000000,0.000000,0.000000,0.000000,0.000000
1779333541497.499,0,0,-1,0.000000,0.000000,0.000000,0.000000,0.000000,0.000000,0.000000,0,0,-1,0.000000,0.000000,0.000000,0.000000,0.000000,0.000000,0.000000
1779333541530.832,0,0,-1,0.000000,0.000000,0.000000,0.000000,0.000000,0.000000,0.000000,0,0,-1,0.000000,0.000000,0.000000,0.000000,0.000000,0.000000,0.000000
1779333541564.166,0,0,-1,0.000000,0.000000,0.000000,0.000000,0.000000,0.000000,0.000000,0,0,-1,0.000000,0.000000,0.000000,0.000000,0.000000,0.000000,0.000000
1779333541597.499,0,0,-1,0.000000,0.000000,0.000000,0.000000,0.000000,0.000000,0.000000,0,0,-1,0.000000,0.000000,0.000000,0.000000,0.000000,0.000000,0.000000
1779333541630.832,0,0,-1,0.000000,0.000000,0.000000,0.000000,0.000000,0.000000,0.000000,0,0,-1,0.000000,0.000000,0.000000,0.000000,0.000000,0.000000,0.000000
1779333541664.166,0,0,-1,0.000000,0.000000,0.000000,0.000000,0.000000,0.000000,0.000000,0,0,-1,0.000000,0.000000,0.000000,0.000000,0.000000,0.000000,0.000000
1779333541697.499,0,0,-1,0.000000,0.000000,0.000000,0.000000,0.000000,0.000000,0.000000,0,0,-1,0.000000,0.000000,0.000000,0.000000,0.000000,0.000000,0.000000
1779333541730.832,0,0,-1,0.000000,0.000000,0.000000,0.000000,0.000000,0.000000,0.000000,0,0,-1,0.000000,0.000000,0.000000,0.000000,0.000000,0.000000,0.000000
1779333541764.166,0,0,-1,0.000000,0.000000,0.000000,0.000000,0.000000,0.000000,0.000000,0,0,-1,0.000000,0.000000,0.000000,0.000000,0.000000,0.000000,0.000000
1779333541797.499,0,0,-1,0.000000,0.000000,0.000000,0.000000,0.000000,0.000000,0.000000,0,0,-1,0.000000,0.000000,0.000000,0.000000,0.000000,0.000000,0.000000
1779333541830.832,0,0,-1,0.000000,0.000000,0.000000,0.000000,0.000000,0.000000,0.000000,0,0,-1,0.000000,0.000000,0.000000,0.000000,0.000000,0.000000,0.000000
1779333541864.166,0,0,-1,0.000000,0.000000,0.000000,0.000000,0.000000,0.000000,0.000000,0,0,-1,0.000000,0.000000,0.000000,0.000000,0.000000,0.000000,0.000000
1779333541897.499,0,0,-1,0.000000,0.000000,0.000000,0.000000,0.000000,0.000000,0.000000,0,0,-1,0.000000,0.000000,0.000000,0.000000,0.000000,0.000000,0.000000
1779333541930.832,0,0,-1,0.000000,0.000000,0.000000,0.000000,0.000000,0.000000,0.000000,0,0,-1,0.000000,0.000000,0.000000,0.000000,0.000000,0.000000,0.000000
1779333541964.166,0,0,-1,0.000000,0.000000,0.000000,0.000000,0.000000,0.000000,0.000000,0,0,-1,0.000000,0.000000,0.000000,0.000000,0.000000,0.000000,0.000000
1779333541997.499,0,0,-1,0.000000,0.000000,0.000000,0.000000,0.000000,0.000000,0.000000,0,0,-1,0.000000,0.000000,0.000000,0.000000,0.000000,0.000000,0.000000
1779333542030.832,0,0,-1,0.000000,0.000000,0.000000,0.000000,0.000000,0.000000,0.000000,0,0,-1,0.000000,0.000000,0.000000,0.000000,0.000000,0.000000,0.000000
1779333542064.166,0,0,-1,0.000000,0.000000,0.000000,0.000000,0.000000,0.000000,0.000000,0,0,-1,0.000000,0.000000,0.000000,0.000000,0.000000,0.000000,0.000000
1779333542097.499,0,0,-1,0.000000,0.000000,0.000000,0.000000,0.000000,0.000000,0.000000,0,0,-1,0.000000,0.000000,0.000000,0.000000,0.000000,0.000000,0.000000
1779333542130.832,0,0,-1,0.000000,0.000000,0.000000,0.000000,0.000000,0.000000,0.000000,0,0,-1,0.000000,0.000000,0.000000,0.000000,0.000000,0.000000,0.000000
1779333542164.166,0,0,-1,0.000000,0.000000,0.000000,0.000000,0.000000,0.000000,0.000000,0,0,-1,0.000000,0.000000,0.000000,0.000000,0.000000,0.000000,0.000000
1779333542197.499,0,0,-1,0.000000,0.000000,0.000000,0.000000,0.000000,0.000000,0.000000,0,0,-1,0.000000,0.000000,0.000000,0.000000,0.000000,0.000000,0.000000
1779333542230.832,0,0,-1,0.000000,0.000000,0.000000,0.000000,0.000000,0.000000,0.000000,0,0,-1,0.000000,0.000000,0.000000,0.000000,0.000000,0.000000,0.000000
1779333542264.166,0,0,-1,0.000000,0.000000,0.000000,0.000000,0.000000,0.000000,0.000000,0,0,-1,0.000000,0.000000,0.000000,0.000000,0.000000,0.000000,0.000000
1779333542297.499,0,0,-1,0.000000,0.000000,0.000000,0.000000,0.000000,0.000000,0.000000,0,0,-1,0.000000,0.000000,0.000000,0.000000,0.000000,0.000000,0.000000
1779333542330.832,0,0,-1,0.000000,0.000000,0.000000,0.000000,0.000000,0.000000,0.000000,0,0,-1,0.000000,0.000000,0.000000,0.000000,0.000000,0.000000,0.000000
1779333542364.166,0,0,-1,0.000000,0.000000,0.000000,0.000000,0.000000,0.000000,0.000000,0,0,-1,0.000000,0.000000,0.000000,0.000000,0.000000,0.000000,0.000000
1779333542397.499,0,0,-1,0.000000,0.000000,0.000000,0.000000,0.000000,0.000000,0.000000,0,0,-1,0.000000,0.000000,0.000000,0.000000,0.000000,0.000000,0.000000
1779333542430.832,0,0,-1,0.000000,0.000000,0.000000,0.000000,0.000000,0.000000,0.000000,0,0,-1,0.000000,0.000000,0.000000,0.000000,0.000000,0.000000,0.000000
1779333542464.166,0,0,-1,0.000000,0.000000,0.000000,0.000000,0.000000,0.000000,0.000000,0,0,-1,0.000000,0.000000,0.000000,0.000000,0.000000,0.000000,0.000000
1779333542497.499,0,0,-1,0.000000,0.000000,0.000000,0.000000,0.000000,0.000000,0.000000,0,0,-1,0.000000,0.000000,0.000000,0.000000,0.000000,0.000000,0.000000
1779333542530.832,0,0,-1,0.000000,0.000000,0.000000,0.000000,0.000000,0.000000,0.000000,0,0,-1,0.000000,0.000000,0.000000,0.000000,0.000000,0.000000,0.000000
1779333542564.166,0,0,-1,0.000000,0.000000,0.000000,0.000000,0.000000,0.000000,0.000000,0,0,-1,0.000000,0.000000,0.000000,0.000000,0.000000,0.000000,0.000000
1779333542597.499,0,0,-1,0.000000,0.000000,0.000000,0.000000,0.000000,0.000000,0.000000,0,0,-1,0.000000,0.000000,0.000000,0.000000,0.000000,0.000000,0.000000
1779333542630.832,0,0,-1,0.000000,0.000000,0.000000,0.000000,0.000000,0.000000,0.000000,0,0,-1,0.000000,0.000000,0.000000,0.000000,0.000000,0.000000,0.000000
1779333542664.166,0,0,-1,0.000000,0.000000,0.000000,0.000000,0.000000,0.000000,0.000000,0,0,-1,0.000000,0.000000,0.000000,0.000000,0.000000,0.000000,0.000000
1779333542697.499,0,0,-1,0.000000,0.000000,0.000000,0.000000,0.000000,0.000000,0.000000,0,0,-1,0.000000,0.000000,0.000000,0.000000,0.000000,0.000000,0.000000
1779333542730.832,0,0,-1,0.000000,0.000000,0.000000,0.000000,0.000000,0.000000,0.000000,0,0,-1,0.000000,0.000000,0.000000,0.000000,0.000000,0.000000,0.000000
1779333542764.166,0,0,-1,0.000000,0.000000,0.000000,0.000000,0.000000,0.000000,0.000000,0,0,-1,0.000000,0.000000,0.000000,0.000000,0.000000,0.000000,0.000000
1779333542797.499,0,0,-1,0.000000,0.000000,0.000000,0.000000,0.000000,0.000000,0.000000,0,0,-1,0.000000,0.000000,0.000000,0.000000,0.000000,0.000000,0.000000
1779333542830.832,0,0,-1,0.000000,0.000000,0.000000,0.000000,0.000000,0.000000,0.000000,0,0,-1,0.000000,0.000000,0.000000,0.000000,0.000000,0.000000,0.000000
1779333542864.166,0,0,-1,0.000000,0.000000,0.000000,0.000000,0.000000,0.000000,0.000000,0,0,-1,0.000000,0.000000,0.000000,0.000000,0.000000,0.000000,0.000000
1779333542897.499,0,0,-1,0.000000,0.000000,0.000000,0.000000,0.000000,0.000000,0.000000,0,0,-1,0.000000,0.000000,0.000000,0.000000,0.000000,0.000000,0.000000
1779333542930.832,0,0,-1,0.000000,0.000000,0.000000,0.000000,0.000000,0.000000,0.000000,0,0,-1,0.000000,0.000000,0.000000,0.000000,0.000000,0.000000,0.000000
1779333542964.166,0,0,-1,0.000000,0.000000,0.000000,0.000000,0.000000,0.000000,0.000000,0,0,-1,0.000000,0.000000,0.000000,0.000000,0.000000,0.000000,0.000000
1779333542997.499,0,0,-1,0.000000,0.000000,0.000000,0.000000,0.000000,0.000000,0.000000,0,0,-1,0.000000,0.000000,0.000000,0.000000,0.000000,0.000000,0.000000
1779333543030.832,0,0,-1,0.000000,0.000000,0.000000,0.000000,0.000000,0.000000,0.000000,0,0,-1,0.000000,0.000000,0.000000,0.000000,0.000000,0.000000,0.000000
1779333543064.166,0,0,-1,0.000000,0.000000,0.000000,0.000000,0.000000,0.000000,0.000000,0,0,-1,0.000000,0.000000,0.000000,0.000000,0.000000,0.000000,0.000000
1779333543097.499,0,0,-1,0.000000,0.000000,0.000000,0.000000,0.000000,0.000000,0.000000,0,0,-1,0.000000,0.000000,0.000000,0.000000,0.000000,0.000000,0.000000
1779333543130.832,0,0,-1,0.000000,0.000000,0.000000,0.000000,0.000000,0.000000,0.000000,0,0,-1,0.000000,0.000000,0.000000,0.000000,0.000000,0.000000,0.000000
1779333543164.166,0,0,-1,0.000000,0.000000,0.000000,0.000000,0.000000,0.000000,0.000000,0,0,-1,0.000000,0.000000,0.000000,0.000000,0.000000,0.000000,0.000000
1779333543197.499,0,0,-1,0.000000,0.000000,0.000000,0.000000,0.000000,0.000000,0.000000,0,0,-1,0.000000,0.000000,0.000000,0.000000,0.000000,0.000000,0.000000
1779333543230.832,0,0,-1,0.000000,0.000000,0.000000,0.000000,0.000000,0.000000,0.000000,0,0,-1,0.000000,0.000000,0.000000,0.000000,0.000000,0.000000,0.000000
1779333543264.166,0,0,-1,0.000000,0.000000,0.000000,0.000000,0.000000,0.000000,0.000000,0,0,-1,0.000000,0.000000,0.000000,0.000000,0.000000,0.000000,0.000000
1779333543297.499,0,0,-1,0.000000,0.000000,0.000000,0.000000,0.000000,0.000000,0.000000,0,0,-1,0.000000,0.000000,0.000000,0.000000,0.000000,0.000000,0.000000
1779333543330.832,0,0,-1,0.000000,0.000000,0.000000,0.000000,0.000000,0.000000,0.000000,0,0,-1,0.000000,0.000000,0.000000,0.000000,0.000000,0.000000,0.000000
1779333543364.166,0,0,-1,0.000000,0.000000,0.000000,0.000000,0.000000,0.000000,0.000000,0,0,-1,0.000000,0.000000,0.000000,0.000000,0.000000,0.000000,0.000000
1779333543397.499,0,0,-1,0.000000,0.000000,0.000000,0.000000,0.000000,0.000000,0.000000,0,0,-1,0.000000,0.000000,0.000000,0.000000,0.000000,0.000000,0.000000
1779333543430.832,0,0,-1,0.000000,0.000000,0.000000,0.000000,0.000000,0.000000,0.000000,0,0,-1,0.000000,0.000000,0.000000,0.000000,0.000000,0.000000,0.000000
1779333543464.166,0,0,-1,0.000000,0.000000,0.000000,0.000000,0.000000,0.000000,0.000000,0,0,-1,0.000000,0.000000,0.000000,0.000000,0.000000,0.000000,0.000000
1779333543497.499,0,0,-1,0.000000,0.000000,0.000000,0.000000,0.000000,0.000000,0.000000,0,0,-1,0.000000,0.000000,0.000000,0.000000,0.000000,0.000000,0.000000
1779333543530.832,0,0,-1,0.000000,0.000000,0.000000,0.000000,0.000000,0.000000,0.000000,0,0,-1,0.000000,0.000000,0.000000,0.000000,0.000000,0.000000,0.000000
1779333543564.166,0,0,-1,0.000000,0.000000,0.000000,0.000000,0.000000,0.000000,0.000000,0,0,-1,0.000000,0.000000,0.000000,0.000000,0.000000,0.000000,0.000000
1779333543597.499,0,0,-1,0.000000,0.000000,0.000000,0.000000,0.000000,0.000000,0.000000,0,0,-1,0.000000,0.000000,0.000000,0.000000,0.000000,0.000000,0.000000
1779333543630.832,0,0,-1,0.000000,0.000000,0.000000,0.000000,0.000000,0.000000,0.000000,0,0,-1,0.000000,0.000000,0.000000,0.000000,0.000000,0.000000,0.000000
1779333543664.166,0,0,-1,0.000000,0.000000,0.000000,0.000000,0.000000,0.000000,0.000000,0,0,-1,0.000000,0.000000,0.000000,0.000000,0.000000,0.000000,0.000000
1779333543697.499,0,0,-1,0.000000,0.000000,0.000000,0.000000,0.000000,0.000000,0.000000,0,0,-1,0.000000,0.000000,0.000000,0.000000,0.000000,0.000000,0.000000
1779333543730.832,0,0,-1,0.000000,0.000000,0.000000,0.000000,0.000000,0.000000,0.000000,0,0,-1,0.000000,0.000000,0.000000,0.000000,0.000000,0.000000,0.000000
1779333543764.166,0,0,-1,0.000000,0.000000,0.000000,0.000000,0.000000,0.000000,0.000000,0,0,-1,0.000000,0.000000,0.000000,0.000000,0.000000,0.000000,0.000000
1779333543797.499,0,0,-1,0.000000,0.000000,0.000000,0.000000,0.000000,0.000000,0.000000,0,0,-1,0.000000,0.000000,0.000000,0.000000,0.000000,0.000000,0.000000
1779333543830.832,0,0,-1,0.000000,0.000000,0.000000,0.000000,0.000000,0.000000,0.000000,0,0,-1,0.000000,0.000000,0.000000,0.000000,0.000000,0.000000,0.000000
1779333543864.166,0,0,-1,0.000000,0.000000,0.000000,0.000000,0.000000,0.000000,0.000000,0,0,-1,0.000000,0.000000,0.000000,0.000000,0.000000,0.000000,0.000000
1779333543897.499,0,0,-1,0.000000,0.000000,0.000000,0.000000,0.000000,0.000000,0.000000,0,0,-1,0.000000,0.000000,0.000000,0.000000,0.000000,0.000000,0.000000
1779333543930.832,0,0,-1,0.000000,0.000000,0.000000,0.000000,0.000000,0.000000,0.000000,0,0,-1,0.000000,0.000000,0.000000,0.000000,0.000000,0.000000,0.000000
1779333543964.166,0,0,-1,0.000000,0.000000,0.000000,0.000000,0.000000,0.000000,0.000000,0,0,-1,0.000000,0.000000,0.000000,0.000000,0.000000,0.000000,0.000000
1779333543997.499,0,0,-1,0.000000,0.000000,0.000000,0.000000,0.000000,0.000000,0.000000,0,0,-1,0.000000,0.000000,0.000000,0.000000,0.000000,0.000000,0.000000
1779333544030.832,0,0,-1,0.000000,0.000000,0.000000,0.000000,0.000000,0.000000,0.000000,0,0,-1,0.000000,0.000000,0.000000,0.000000,0.000000,0.000000,0.000000
1779333544064.166,0,0,-1,0.000000,0.000000,0.000000,0.000000,0.000000,0.000000,0.000000,0,0,-1,0.000000,0.000000,0.000000,0.000000,0.000000,0.000000,0.000000
1779333544097.499,0,0,-1,0.000000,0.000000,0.000000,0.000000,0.000000,0.000000,0.000000,0,0,-1,0.000000,0.000000,0.000000,0.000000,0.000000,0.000000,0.000000
1779333544130.832,0,0,-1,0.000000,0.000000,0.000000,0.000000,0.000000,0.000000,0.000000,0,0,-1,0.000000,0.000000,0.000000,0.000000,0.000000,0.000000,0.000000
1779333544164.166,0,0,-1,0.000000,0.000000,0.000000,0.000000,0.000000,0.000000,0.000000,0,0,-1,0.000000,0.000000,0.000000,0.000000,0.000000,0.000000,0.000000
1779333544197.499,0,0,-1,0.000000,0.000000,0.000000,0.000000,0.000000,0.000000,0.000000,0,0,-1,0.000000,0.000000,0.000000,0.000000,0.000000,0.000000,0.000000
1779333544230.832,0,0,-1,0.000000,0.000000,0.000000,0.000000,0.000000,0.000000,0.000000,0,0,-1,0.000000,0.000000,0.000000,0.000000,0.000000,0.000000,0.000000
1779333544264.166,0,0,-1,0.000000,0.000000,0.000000,0.000000,0.000000,0.000000,0.000000,0,0,-1,0.000000,0.000000,0.000000,0.000000,0.000000,0.000000,0.000000
1779333544297.499,0,0,-1,0.000000,0.000000,0.000000,0.000000,0.000000,0.000000,0.000000,0,0,-1,0.000000,0.000000,0.000000,0.000000,0.000000,0.000000,0.000000
1779333544330.832,0,0,-1,0.000000,0.000000,0.000000,0.000000,0.000000,0.000000,0.000000,0,0,-1,0.000000,0.000000,0.000000,0.000000,0.000000,0.000000,0.000000
1779333544364.166,0,0,-1,0.000000,0.000000,0.000000,0.000000,0.000000,0.000000,0.000000,0,0,-1,0.000000,0.000000,0.000000,0.000000,0.000000,0.000000,0.000000
1779333544397.499,0,0,-1,0.000000,0.000000,0.000000,0.000000,0.000000,0.000000,0.000000,0,0,-1,0.000000,0.000000,0.000000,0.000000,0.000000,0.000000,0.000000
1779333544430.832,0,0,-1,0.000000,0.000000,0.000000,0.000000,0.000000,0.000000,0.000000,0,0,-1,0.000000,0.000000,0.000000,0.000000,0.000000,0.000000,0.000000
1779333544464.166,0,0,-1,0.000000,0.000000,0.000000,0.000000,0.000000,0.000000,0.000000,0,0,-1,0.000000,0.000000,0.000000,0.000000,0.000000,0.000000,0.000000
1779333544497.499,0,0,-1,0.000000,0.000000,0.000000,0.000000,0.000000,0.000000,0.000000,0,0,-1,0.000000,0.000000,0.000000,0.000000,0.000000,0.000000,0.000000
1779333544530.832,0,0,-1,0.000000,0.000000,0.000000,0.000000,0.000000,0.000000,0.000000,0,0,-1,0.000000,0.000000,0.000000,0.000000,0.000000,0.000000,0.000000
1779333544564.166,0,0,-1,0.000000,0.000000,0.000000,0.000000,0.000000,0.000000,0.000000,0,0,-1,0.000000,0.000000,0.000000,0.000000,0.000000,0.000000,0.000000
1779333544597.499,0,0,-1,0.000000,0.000000,0.000000,0.000000,0.000000,0.000000,0.000000,0,0,-1,0.000000,0.000000,0.000000,0.000000,0.000000,0.000000,0.000000
1779333544630.832,0,0,-1,0.000000,0.000000,0.000000,0.000000,0.000000,0.000000,0.000000,0,0,-1,0.000000,0.000000,0.000000,0.000000,0.000000,0.000000,0.000000
1779333544664.166,0,0,-1,0.000000,0.000000,0.000000,0.000000,0.000000,0.000000,0.000000,0,0,-1,0.000000,0.000000,0.000000,0.000000,0.000000,0.000000,0.000000
1779333544697.499,0,0,-1,0.000000,0.000000,0.000000,0.000000,0.000000,0.000000,0.000000,0,0,-1,0.000000,0.000000,0.000000,0.000000,0.000000,0.000000,0.000000
1779333544730.832,0,0,-1,0.000000,0.000000,0.000000,0.000000,0.000000,0.000000,0.000000,0,0,-1,0.000000,0.000000,0.000000,0.000000,0.000000,0.000000,0.000000
1779333544764.166,0,0,-1,0.000000,0.000000,0.000000,0.000000,0.000000,0.000000,0.000000,0,0,-1,0.000000,0.000000,0.000000,0.000000,0.000000,0.000000,0.000000
1779333544797.499,0,0,-1,0.000000,0.000000,0.000000,0.000000,0.000000,0.000000,0.000000,0,0,-1,0.000000,0.000000,0.000000,0.000000,0.000000,0.000000,0.000000
1779333544830.832,0,0,-1,0.000000,0.000000,0.000000,0.000000,0.000000,0.000000,0.000000,0,0,-1,0.000000,0.000000,0.000000,0.000000,0.000000,0.000000,0.000000
1779333544864.166,0,0,-1,0.000000,0.000000,0.000000,0.000000,0.000000,0.000000,0.000000,0,0,-1,0.000000,0.000000,0.000000,0.000000,0.000000,0.000000,0.000000
1779333544897.499,0,0,-1,0.000000,0.000000,0.000000,0.000000,0.000000,0.000000,0.000000,0,0,-1,0.000000,0.000000,0.000000,0.000000,0.000000,0.000000,0.000000
1779333544930.832,0,0,-1,0.000000,0.000000,0.000000,0.000000,0.000000,0.000000,0.000000,0,0,-1,0.000000,0.000000,0.000000,0.000000,0.000000,0.000000,0.000000
1779333544964.166,0,0,-1,0.000000,0.000000,0.000000,0.000000,0.000000,0.000000,0.000000,0,0,-1,0.000000,0.000000,0.000000,0.000000,0.000000,0.000000,0.000000
1779333544997.499,0,0,-1,0.000000,0.000000,0.000000,0.000000,0.000000,0.000000,0.000000,0,0,-1,0.000000,0.000000,0.000000,0.000000,0.000000,0.000000,0.000000
1779333545030.832,0,0,-1,0.000000,0.000000,0.000000,0.000000,0.000000,0.000000,0.000000,0,0,-1,0.000000,0.000000,0.000000,0.000000,0.000000,0.000000,0.000000
1779333545064.166,0,0,-1,0.000000,0.000000,0.000000,0.000000,0.000000,0.000000,0.000000,0,0,-1,0.000000,0.000000,0.000000,0.000000,0.000000,0.000000,0.000000
1779333545097.499,0,0,-1,0.000000,0.000000,0.000000,0.000000,0.000000,0.000000,0.000000,0,0,-1,0.000000,0.000000,0.000000,0.000000,0.000000,0.000000,0.000000
1779333545130.832,0,0,-1,0.000000,0.000000,0.000000,0.000000,0.000000,0.000000,0.000000,0,0,-1,0.000000,0.000000,0.000000,0.000000,0.000000,0.000000,0.000000
1779333545164.166,0,0,-1,0.000000,0.000000,0.000000,0.000000,0.000000,0.000000,0.000000,0,0,-1,0.000000,0.000000,0.000000,0.000000,0.000000,0.000000,0.000000
1779333545197.499,0,0,-1,0.000000,0.000000,0.000000,0.000000,0.000000,0.000000,0.000000,0,0,-1,0.000000,0.000000,0.000000,0.000000,0.000000,0.000000,0.000000
1779333545230.832,0,0,-1,0.000000,0.000000,0.000000,0.000000,0.000000,0.000000,0.000000,0,0,-1,0.000000,0.000000,0.000000,0.000000,0.000000,0.000000,0.000000
1779333545264.166,0,0,-1,0.000000,0.000000,0.000000,0.000000,0.000000,0.000000,0.000000,0,0,-1,0.000000,0.000000,0.000000,0.000000,0.000000,0.000000,0.000000
1779333545297.499,0,0,-1,0.000000,0.000000,0.000000,0.000000,0.000000,0.000000,0.000000,0,0,-1,0.000000,0.000000,0.000000,0.000000,0.000000,0.000000,0.000000
1779333545330.832,0,0,-1,0.000000,0.000000,0.000000,0.000000,0.000000,0.000000,0.000000,0,0,-1,0.000000,0.000000,0.000000,0.000000,0.000000,0.000000,0.000000
1779333545364.166,0,0,-1,0.000000,0.000000,0.000000,0.000000,0.000000,0.000000,0.000000,0,0,-1,0.000000,0.000000,0.000000,0.000000,0.000000,0.000000,0.000000
1779333545397.499,0,0,-1,0.000000,0.000000,0.000000,0.000000,0.000000,0.000000,0.000000,0,0,-1,0.000000,0.000000,0.000000,0.000000,0.000000,0.000000,0.000000
1779333545430.832,0,0,-1,0.000000,0.000000,0.000000,0.000000,0.000000,0.000000,0.000000,0,0,-1,0.000000,0.000000,0.000000,0.000000,0.000000,0.000000,0.000000
1779333545464.166,0,0,-1,0.000000,0.000000,0.000000,0.000000,0.000000,0.000000,0.000000,0,0,-1,0.000000,0.000000,0.000000,0.000000,0.000000,0.000000,0.000000
1779333545497.499,0,0,-1,0.000000,0.000000,0.000000,0.000000,0.000000,0.000000,0.000000,0,0,-1,0.000000,0.000000,0.000000,0.000000,0.000000,0.000000,0.000000
1779333545530.832,0,0,-1,0.000000,0.000000,0.000000,0.000000,0.000000,0.000000,0.000000,0,0,-1,0.000000,0.000000,0.000000,0.000000,0.000000,0.000000,0.000000
1779333545564.166,0,0,-1,0.000000,0.000000,0.000000,0.000000,0.000000,0.000000,0.000000,0,0,-1,0.000000,0.000000,0.000000,0.000000,0.000000,0.000000,0.000000
1779333545597.499,0,0,-1,0.000000,0.000000,0.000000,0.000000,0.000000,0.000000,0.000000,0,0,-1,0.000000,0.000000,0.000000,0.000000,0.000000,0.000000,0.000000
1779333545630.832,0,0,-1,0.000000,0.000000,0.000000,0.000000,0.000000,0.000000,0.000000,0,0,-1,0.000000,0.000000,0.000000,0.000000,0.000000,0.000000,0.000000
1779333545664.166,0,0,-1,0.000000,0.000000,0.000000,0.000000,0.000000,0.000000,0.000000,0,0,-1,0.000000,0.000000,0.000000,0.000000,0.000000,0.000000,0.000000
1779333545697.499,0,0,-1,0.000000,0.000000,0.000000,0.000000,0.000000,0.000000,0.000000,0,0,-1,0.000000,0.000000,0.000000,0.000000,0.000000,0.000000,0.000000
1779333545730.832,0,0,-1,0.000000,0.000000,0.000000,0.000000,0.000000,0.000000,0.000000,0,0,-1,0.000000,0.000000,0.000000,0.000000,0.000000,0.000000,0.000000
1779333545764.166,0,0,-1,0.000000,0.000000,0.000000,0.000000,0.000000,0.000000,0.000000,0,0,-1,0.000000,0.000000,0.000000,0.000000,0.000000,0.000000,0.000000
1779333545797.499,0,0,-1,0.000000,0.000000,0.000000,0.000000,0.000000,0.000000,0.000000,0,0,-1,0.000000,0.000000,0.000000,0.000000,0.000000,0.000000,0.000000
1779333545830.832,0,0,-1,0.000000,0.000000,0.000000,0.000000,0.000000,0.000000,0.000000,0,0,-1,0.000000,0.000000,0.000000,0.000000,0.000000,0.000000,0.000000
1779333545864.166,0,0,-1,0.000000,0.000000,0.000000,0.000000,0.000000,0.000000,0.000000,0,0,-1,0.000000,0.000000,0.000000,0.000000,0.000000,0.000000,0.000000
1779333545897.499,0,0,-1,0.000000,0.000000,0.000000,0.000000,0.000000,0.000000,0.000000,0,0,-1,0.000000,0.000000,0.000000,0.000000,0.000000,0.000000,0.000000
1779333545930.832,0,0,-1,0.000000,0.000000,0.000000,0.000000,0.000000,0.000000,0.000000,0,0,-1,0.000000,0.000000,0.000000,0.000000,0.000000,0.000000,0.000000
1779333545964.166,0,0,-1,0.000000,0.000000,0.000000,0.000000,0.000000,0.000000,0.000000,0,0,-1,0.000000,0.000000,0.000000,0.000000,0.000000,0.000000,0.000000
1779333545997.499,0,0,-1,0.000000,0.000000,0.000000,0.000000,0.000000,0.000000,0.000000,0,0,-1,0.000000,0.000000,0.000000,0.000000,0.000000,0.000000,0.000000
1779333546030.832,0,0,-1,0.000000,0.000000,0.000000,0.000000,0.000000,0.000000,0.000000,0,0,-1,0.000000,0.000000,0.000000,0.000000,0.000000,0.000000,0.000000
1779333546064.166,0,0,-1,0.000000,0.000000,0.000000,0.000000,0.000000,0.000000,0.000000,0,0,-1,0.000000,0.000000,0.000000,0.000000,0.000000,0.000000,0.000000
1779333546097.499,0,0,-1,0.000000,0.000000,0.000000,0.000000,0.000000,0.000000,0.000000,0,0,-1,0.000000,0.000000,0.000000,0.000000,0.000000,0.000000,0.000000
1779333546130.832,0,0,-1,0.000000,0.000000,0.000000,0.000000,0.000000,0.000000,0.000000,0,0,-1,0.000000,0.000000,0.000000,0.000000,0.000000,0.000000,0.000000
1779333546164.166,0,0,-1,0.000000,0.000000,0.000000,0.000000,0.000000,0.000000,0.000000,0,0,-1,0.000000,0.000000,0.000000,0.000000,0.000000,0.000000,0.000000
1779333546197.499,0,0,-1,0.000000,0.000000,0.000000,0.000000,0.000000,0.000000,0.000000,0,0,-1,0.000000,0.000000,0.000000,0.000000,0.000000,0.000000,0.000000
1779333546230.832,0,0,-1,0.000000,0.000000,0.000000,0.000000,0.000000,0.000000,0.000000,0,0,-1,0.000000,0.000000,0.000000,0.000000,0.000000,0.000000,0.000000
1779333546264.166,0,0,-1,0.000000,0.000000,0.000000,0.000000,0.000000,0.000000,0.000000,0,0,-1,0.000000,0.000000,0.000000,0.000000,0.000000,0.000000,0.000000
1779333546297.499,0,0,-1,0.000000,0.000000,0.000000,0.000000,0.000000,0.000000,0.000000,0,0,-1,0.000000,0.000000,0.000000,0.000000,0.000000,0.000000,0.000000
1779333546330.832,0,0,-1,0.000000,0.000000,0.000000,0.000000,0.000000,0.000000,0.000000,0,0,-1,0.000000,0.000000,0.000000,0.000000,0.000000,0.000000,0.000000
1779333546364.166,0,0,-1,0.000000,0.000000,0.000000,0.000000,0.000000,0.000000,0.000000,0,0,-1,0.000000,0.000000,0.000000,0.000000,0.000000,0.000000,0.000000
1779333546397.499,0,0,-1,0.000000,0.000000,0.000000,0.000000,0.000000,0.000000,0.000000,0,0,-1,0.000000,0.000000,0.000000,0.000000,0.000000,0.000000,0.000000
1779333546430.832,0,0,-1,0.000000,0.000000,0.000000,0.000000,0.000000,0.000000,0.000000,0,0,-1,0.000000,0.000000,0.000000,0.000000,0.000000,0.000000,0.000000
1779333546464.166,0,0,-1,0.000000,0.000000,0.000000,0.000000,0.000000,0.000000,0.000000,0,0,-1,0.000000,0.000000,0.000000,0.000000,0.000000,0.000000,0.000000
1779333546497.499,0,0,-1,0.000000,0.000000,0.000000,0.000000,0.000000,0.000000,0.000000,0,0,-1,0.000000,0.000000,0.000000,0.000000,0.000000,0.000000,0.000000
1779333546530.832,0,0,-1,0.000000,0.000000,0.000000,0.000000,0.000000,0.000000,0.000000,0,0,-1,0.000000,0.000000,0.000000,0.000000,0.000000,0.000000,0.000000
1779333546564.166,0,0,-1,0.000000,0.000000,0.000000,0.000000,0.000000,0.000000,0.000000,0,0,-1,0.000000,0.000000,0.000000,0.000000,0.000000,0.000000,0.000000
1779333546597.499,0,0,-1,0.000000,0.000000,0.000000,0.000000,0.000000,0.000000,0.000000,0,0,-1,0.000000,0.000000,0.000000,0.000000,0.000000,0.000000,0.000000
1779333546630.832,0,0,-1,0.000000,0.000000,0.000000,0.000000,0.000000,0.000000,0.000000,0,0,-1,0.000000,0.000000,0.000000,0.000000,0.000000,0.000000,0.000000
1779333546664.166,0,0,-1,0.000000,0.000000,0.000000,0.000000,0.000000,0.000000,0.000000,0,0,-1,0.000000,0.000000,0.000000,0.000000,0.000000,0.000000,0.000000
1779333546697.499,0,0,-1,0.000000,0.000000,0.000000,0.000000,0.000000,0.000000,0.000000,0,0,-1,0.000000,0.000000,0.000000,0.000000,0.000000,0.000000,0.000000
1779333546730.832,0,0,-1,0.000000,0.000000,0.000000,0.000000,0.000000,0.000000,0.000000,0,0,-1,0.000000,0.000000,0.000000,0.000000,0.000000,0.000000,0.000000
1779333546764.166,0,0,-1,0.000000,0.000000,0.000000,0.000000,0.000000,0.000000,0.000000,0,0,-1,0.000000,0.000000,0.000000,0.000000,0.000000,0.000000,0.000000
1779333546797.499,0,0,-1,0.000000,0.000000,0.000000,0.000000,0.000000,0.000000,0.000000,0,0,-1,0.000000,0.000000,0.000000,0.000000,0.000000,0.000000,0.000000
1779333546830.832,0,0,-1,0.000000,0.000000,0.000000,0.000000,0.000000,0.000000,0.000000,0,0,-1,0.000000,0.000000,0.000000,0.000000,0.000000,0.000000,0.000000
1779333546864.166,0,0,-1,0.000000,0.000000,0.000000,0.000000,0.000000,0.000000,0.000000,0,0,-1,0.000000,0.000000,0.000000,0.000000,0.000000,0.000000,0.000000
1779333546897.499,0,0,-1,0.000000,0.000000,0.000000,0.000000,0.000000,0.000000,0.000000,0,0,-1,0.000000,0.000000,0.000000,0.000000,0.000000,0.000000,0.000000
1779333546930.832,0,0,-1,0.000000,0.000000,0.000000,0.000000,0.000000,0.000000,0.000000,0,0,-1,0.000000,0.000000,0.000000,0.000000,0.000000,0.000000,0.000000
1779333546964.166,0,0,-1,0.000000,0.000000,0.000000,0.000000,0.000000,0.000000,0.000000,0,0,-1,0.000000,0.000000,0.000000,0.000000,0.000000,0.000000,0.000000
1779333546997.499,0,0,-1,0.000000,0.000000,0.000000,0.000000,0.000000,0.000000,0.000000,0,0,-1,0.000000,0.000000,0.000000,0.000000,0.000000,0.000000,0.000000
1779333547030.832,0,0,-1,0.000000,0.000000,0.000000,0.000000,0.000000,0.000000,0.000000,0,0,-1,0.000000,0.000000,0.000000,0.000000,0.000000,0.000000,0.000000
1779333547064.166,0,0,-1,0.000000,0.000000,0.000000,0.000000,0.000000,0.000000,0.000000,0,0,-1,0.000000,0.000000,0.000000,0.000000,0.000000,0.000000,0.000000
1779333547097.499,0,0,-1,0.000000,0.000000,0.000000,0.000000,0.000000,0.000000,0.000000,0,0,-1,0.000000,0.000000,0.000000,0.000000,0.000000,0.000000,0.000000
1779333547130.832,0,0,-1,0.000000,0.000000,0.000000,0.000000,0.000000,0.000000,0.000000,0,0,-1,0.000000,0.000000,0.000000,0.000000,0.000000,0.000000,0.000000
1779333547164.166,0,0,-1,0.000000,0.000000,0.000000,0.000000,0.000000,0.000000,0.000000,0,0,-1,0.000000,0.000000,0.000000,0.000000,0.000000,0.000000,0.000000
1779333547197.499,0,0,-1,0.000000,0.000000,0.000000,0.000000,0.000000,0.000000,0.000000,0,0,-1,0.000000,0.000000,0.000000,0.000000,0.000000,0.000000,0.000000
1779333547230.832,0,0,-1,0.000000,0.000000,0.000000,0.000000,0.000000,0.000000,0.000000,0,0,-1,0.000000,0.000000,0.000000,0.000000,0.000000,0.000000,0.000000
1779333547264.166,0,0,-1,0.000000,0.000000,0.000000,0.000000,0.000000,0.000000,0.000000,0,0,-1,0.000000,0.000000,0.000000,0.000000,0.000000,0.000000,0.000000
1779333547297.499,0,0,-1,0.000000,0.000000,0.000000,0.000000,0.000000,0.000000,0.000000,0,0,-1,0.000000,0.000000,0.000000,0.000000,0.000000,0.000000,0.000000
1779333547330.832,0,0,-1,0.000000,0.000000,0.000000,0.000000,0.000000,0.000000,0.000000,0,0,-1,0.000000,0.000000,0.000000,0.000000,0.000000,0.000000,0.000000
1779333547364.166,0,0,-1,0.000000,0.000000,0.000000,0.000000,0.000000,0.000000,0.000000,0,0,-1,0.000000,0.000000,0.000000,0.000000,0.000000,0.000000,0.000000
1779333547397.499,0,0,-1,0.000000,0.000000,0.000000,0.000000,0.000000,0.000000,0.000000,0,0,-1,0.000000,0.000000,0.000000,0.000000,0.000000,0.000000,0.000000
1779333547430.832,0,0,-1,0.000000,0.000000,0.000000,0.000000,0.000000,0.000000,0.000000,0,0,-1,0.000000,0.000000,0.000000,0.000000,0.000000,0.000000,0.000000
1779333547464.166,0,0,-1,0.000000,0.000000,0.000000,0.000000,0.000000,0.000000,0.000000,0,0,-1,0.000000,0.000000,0.000000,0.000000,0.000000,0.000000,0.000000
1779333547497.499,0,0,-1,0.000000,0.000000,0.000000,0.000000,0.000000,0.000000,0.000000,0,0,-1,0.000000,0.000000,0.000000,0.000000,0.000000,0.000000,0.000000
1779333547530.832,0,0,-1,0.000000,0.000000,0.000000,0.000000,0.000000,0.000000,0.000000,0,0,-1,0.000000,0.000000,0.000000,0.000000,0.000000,0.000000,0.000000
1779333547564.166,0,0,-1,0.000000,0.000000,0.000000,0.000000,0.000000,0.000000,0.000000,0,0,-1,0.000000,0.000000,0.000000,0.000000,0.000000,0.000000,0.000000
1779333547597.499,0,0,-1,0.000000,0.000000,0.000000,0.000000,0.000000,0.000000,0.000000,0,0,-1,0.000000,0.000000,0.000000,0.000000,0.000000,0.000000,0.000000
1779333547630.832,0,0,-1,0.000000,0.000000,0.000000,0.000000,0.000000,0.000000,0.000000,0,0,-1,0.000000,0.000000,0.000000,0.000000,0.000000,0.000000,0.000000
1779333547664.166,0,0,-1,0.000000,0.000000,0.000000,0.000000,0.000000,0.000000,0.000000,0,0,-1,0.000000,0.000000,0.000000,0.000000,0.000000,0.000000,0.000000
1779333547697.499,0,0,-1,0.000000,0.000000,0.000000,0.000000,0.000000,0.000000,0.000000,0,0,-1,0.000000,0.000000,0.000000,0.000000,0.000000,0.000000,0.000000
1779333547730.832,0,0,-1,0.000000,0.000000,0.000000,0.000000,0.000000,0.000000,0.000000,0,0,-1,0.000000,0.000000,0.000000,0.000000,0.000000,0.000000,0.000000
1779333547764.166,0,0,-1,0.000000,0.000000,0.000000,0.000000,0.000000,0.000000,0.000000,0,0,-1,0.000000,0.000000,0.000000,0.000000,0.000000,0.000000,0.000000
1779333547797.499,0,0,-1,0.000000,0.000000,0.000000,0.000000,0.000000,0.000000,0.000000,0,0,-1,0.000000,0.000000,0.000000,0.000000,0.000000,0.000000,0.000000
1779333547830.832,0,0,-1,0.000000,0.000000,0.000000,0.000000,0.000000,0.000000,0.000000,0,0,-1,0.000000,0.000000,0.000000,0.000000,0.000000,0.000000,0.000000
1779333547864.166,0,0,-1,0.000000,0.000000,0.000000,0.000000,0.000000,0.000000,0.000000,0,0,-1,0.000000,0.000000,0.000000,0.000000,0.000000,0.000000,0.000000
1779333547897.499,0,0,-1,0.000000,0.000000,0.000000,0.000000,0.000000,0.000000,0.000000,0,0,-1,0.000000,0.000000,0.000000,0.000000,0.000000,0.000000,0.000000
1779333547930.832,0,0,-1,0.000000,0.000000,0.000000,0.000000,0.000000,0.000000,0.000000,0,0,-1,0.000000,0.000000,0.000000,0.000000,0.000000,0.000000,0.000000
1779333547964.166,0,0,-1,0.000000,0.000000,0.000000,0.000000,0.000000,0.000000,0.000000,0,0,-1,0.000000,0.000000,0.000000,0.000000,0.000000,0.000000,0.000000
1779333547997.499,0,0,-1,0.000000,0.000000,0.000000,0.000000,0.000000,0.000000,0.000000,0,0,-1,0.000000,0.000000,0.000000,0.000000,0.000000,0.000000,0.000000
1779333548030.832,0,0,-1,0.000000,0.000000,0.000000,0.000000,0.000000,0.000000,0.000000,0,0,-1,0.000000,0.000000,0.000000,0.000000,0.000000,0.000000,0.000000
1779333548064.166,0,0,-1,0.000000,0.000000,0.000000,0.000000,0.000000,0.000000,0.000000,0,0,-1,0.000000,0.000000,0.000000,0.000000,0.000000,0.000000,0.000000
1779333548097.499,0,0,-1,0.000000,0.000000,0.000000,0.000000,0.000000,0.000000,0.000000,0,0,-1,0.000000,0.000000,0.000000,0.000000,0.000000,0.000000,0.000000
1779333548130.832,0,0,-1,0.000000,0.000000,0.000000,0.000000,0.000000,0.000000,0.000000,0,0,-1,0.000000,0.000000,0.000000,0.000000,0.000000,0.000000,0.000000
1779333548164.166,0,0,-1,0.000000,0.000000,0.000000,0.000000,0.000000,0.000000,0.000000,0,0,-1,0.000000,0.000000,0.000000,0.000000,0.000000,0.000000,0.000000
1779333548197.499,0,0,-1,0.000000,0.000000,0.000000,0.000000,0.000000,0.000000,0.000000,0,0,-1,0.000000,0.000000,0.000000,0.000000,0.000000,0.000000,0.000000
1779333548230.832,0,0,-1,0.000000,0.000000,0.000000,0.000000,0.000000,0.000000,0.000000,0,0,-1,0.000000,0.000000,0.000000,0.000000,0.000000,0.000000,0.000000
1779333548264.166,0,0,-1,0.000000,0.000000,0.000000,0.000000,0.000000,0.000000,0.000000,0,0,-1,0.000000,0.000000,0.000000,0.000000,0.000000,0.000000,0.000000
1779333548297.499,0,0,-1,0.000000,0.000000,0.000000,0.000000,0.000000,0.000000,0.000000,0,0,-1,0.000000,0.000000,0.000000,0.000000,0.000000,0.000000,0.000000
1779333548330.832,0,0,-1,0.000000,0.000000,0.000000,0.000000,0.000000,0.000000,0.000000,0,0,-1,0.000000,0.000000,0.000000,0.000000,0.000000,0.000000,0.000000
1779333548364.166,0,0,-1,0.000000,0.000000,0.000000,0.000000,0.000000,0.000000,0.000000,0,0,-1,0.000000,0.000000,0.000000,0.000000,0.000000,0.000000,0.000000
1779333548397.499,0,0,-1,0.000000,0.000000,0.000000,0.000000,0.000000,0.000000,0.000000,0,0,-1,0.000000,0.000000,0.000000,0.000000,0.000000,0.000000,0.000000
1779333548430.832,0,0,-1,0.000000,0.000000,0.000000,0.000000,0.000000,0.000000,0.000000,0,0,-1,0.000000,0.000000,0.000000,0.000000,0.000000,0.000000,0.000000
1779333548464.166,0,0,-1,0.000000,0.000000,0.000000,0.000000,0.000000,0.000000,0.000000,0,0,-1,0.000000,0.000000,0.000000,0.000000,0.000000,0.000000,0.000000
1779333548497.499,0,0,-1,0.000000,0.000000,0.000000,0.000000,0.000000,0.000000,0.000000,0,0,-1,0.000000,0.000000,0.000000,0.000000,0.000000,0.000000,0.000000
1779333548530.832,0,0,-1,0.000000,0.000000,0.000000,0.000000,0.000000,0.000000,0.000000,0,0,-1,0.000000,0.000000,0.000000,0.000000,0.000000,0.000000,0.000000
1779333548564.166,0,0,-1,0.000000,0.000000,0.000000,0.000000,0.000000,0.000000,0.000000,0,0,-1,0.000000,0.000000,0.000000,0.000000,0.000000,0.000000,0.000000
1779333548597.499,0,0,-1,0.000000,0.000000,0.000000,0.000000,0.000000,0.000000,0.000000,0,0,-1,0.000000,0.000000,0.000000,0.000000,0.000000,0.000000,0.000000
1779333548630.832,0,0,-1,0.000000,0.000000,0.000000,0.000000,0.000000,0.000000,0.000000,0,0,-1,0.000000,0.000000,0.000000,0.000000,0.000000,0.000000,0.000000
1779333548664.166,0,0,-1,0.000000,0.000000,0.000000,0.000000,0.000000,0.000000,0.000000,0,0,-1,0.000000,0.000000,0.000000,0.000000,0.000000,0.000000,0.000000
1779333548697.499,0,0,-1,0.000000,0.000000,0.000000,0.000000,0.000000,0.000000,0.000000,0,0,-1,0.000000,0.000000,0.000000,0.000000,0.000000,0.000000,0.000000
1779333548730.832,0,0,-1,0.000000,0.000000,0.000000,0.000000,0.000000,0.000000,0.000000,0,0,-1,0.000000,0.000000,0.000000,0.000000,0.000000,0.000000,0.000000
1779333548764.166,0,0,-1,0.000000,0.000000,0.000000,0.000000,0.000000,0.000000,0.000000,0,0,-1,0.000000,0.000000,0.000000,0.000000,0.000000,0.000000,0.000000
1779333548797.499,0,0,-1,0.000000,0.000000,0.000000,0.000000,0.000000,0.000000,0.000000,0,0,-1,0.000000,0.000000,0.000000,0.000000,0.000000,0.000000,0.000000
1779333548830.832,0,0,-1,0.000000,0.000000,0.000000,0.000000,0.000000,0.000000,0.000000,0,0,-1,0.000000,0.000000,0.000000,0.000000,0.000000,0.000000,0.000000
1779333548864.166,0,0,-1,0.000000,0.000000,0.000000,0.000000,0.000000,0.000000,0.000000,0,0,-1,0.000000,0.000000,0.000000,0.000000,0.000000,0.000000,0.000000
1779333548897.499,0,0,-1,0.000000,0.000000,0.000000,0.000000,0.000000,0.000000,0.000000,0,0,-1,0.000000,0.000000,0.000000,0.000000,0.000000,0.000000,0.000000
1779333548930.832,0,0,-1,0.000000,0.000000,0.000000,0.000000,0.000000,0.000000,0.000000,0,0,-1,0.000000,0.000000,0.000000,0.000000,0.000000,0.000000,0.000000
1779333548964.166,0,0,-1,0.000000,0.000000,0.000000,0.000000,0.000000,0.000000,0.000000,0,0,-1,0.000000,0.000000,0.000000,0.000000,0.000000,0.000000,0.000000
1779333548997.499,0,0,-1,0.000000,0.000000,0.000000,0.000000,0.000000,0.000000,0.000000,0,0,-1,0.000000,0.000000,0.000000,0.000000,0.000000,0.000000,0.000000
1779333549030.832,0,0,-1,0.000000,0.000000,0.000000,0.000000,0.000000,0.000000,0.000000,0,0,-1,0.000000,0.000000,0.000000,0.000000,0.000000,0.000000,0.000000
1779333549064.166,0,0,-1,0.000000,0.000000,0.000000,0.000000,0.000000,0.000000,0.000000,0,0,-1,0.000000,0.000000,0.000000,0.000000,0.000000,0.000000,0.000000
1779333549097.499,0,0,-1,0.000000,0.000000,0.000000,0.000000,0.000000,0.000000,0.000000,0,0,-1,0.000000,0.000000,0.000000,0.000000,0.000000,0.000000,0.000000
1779333549130.832,0,0,-1,0.000000,0.000000,0.000000,0.000000,0.000000,0.000000,0.000000,0,0,-1,0.000000,0.000000,0.000000,0.000000,0.000000,0.000000,0.000000
1779333549164.166,0,0,-1,0.000000,0.000000,0.000000,0.000000,0.000000,0.000000,0.000000,0,0,-1,0.000000,0.000000,0.000000,0.000000,0.000000,0.000000,0.000000
1779333549197.499,0,0,-1,0.000000,0.000000,0.000000,0.000000,0.000000,0.000000,0.000000,0,0,-1,0.000000,0.000000,0.000000,0.000000,0.000000,0.000000,0.000000
